"HUDichte";"LU";"LO";"RU";"RM";"RO"
-1024;0;7;0;14;16
-1023;0;12;0;22;32
-1022;1;13;0;11;19
-1021;0;9;0;4;19
-1020;0;15;0;10;33
-1019;2;5;0;11;36
-1018;0;8;0;3;18
-1017;1;3;0;7;32
-1016;3;7;0;6;27
-1015;2;4;0;9;19
-1014;1;10;0;2;17
-1013;1;3;0;4;16
-1012;1;8;0;7;15
-1011;1;9;0;9;14
-1010;0;6;0;7;17
-1009;5;6;0;8;13
-1008;0;4;0;4;17
-1007;2;4;0;7;13
-1006;1;7;0;3;12
-1005;2;4;1;6;10
-1004;1;3;0;6;11
-1003;7;5;0;3;18
-1002;3;4;0;6;17
-1001;1;10;0;6;11
-1000;3;3;0;4;13
-999;5;7;0;7;11
-998;3;5;0;10;26
-997;2;8;0;4;10
-996;4;6;0;4;11
-995;2;8;0;12;11
-994;1;7;1;7;15
-993;4;12;2;6;11
-992;5;9;0;5;9
-991;7;14;4;8;10
-990;8;12;1;4;11
-989;3;9;2;10;18
-988;6;9;0;10;11
-987;5;11;2;6;15
-986;8;6;1;3;8
-985;8;6;0;10;9
-984;5;15;0;8;20
-983;7;16;3;4;14
-982;10;12;2;6;16
-981;4;14;1;8;19
-980;3;13;1;5;14
-979;5;13;5;10;19
-978;5;15;0;8;11
-977;11;20;1;7;20
-976;7;17;2;8;12
-975;8;21;2;4;15
-974;13;14;1;15;18
-973;12;10;2;5;16
-972;9;12;3;4;14
-971;12;15;0;7;15
-970;8;20;1;10;19
-969;7;16;5;9;15
-968;11;17;1;10;16
-967;12;29;0;5;13
-966;15;26;4;11;16
-965;8;20;2;9;20
-964;17;14;2;4;21
-963;9;16;2;7;21
-962;4;19;2;5;16
-961;6;17;0;6;17
-960;13;15;3;13;17
-959;11;22;3;6;22
-958;11;10;1;8;16
-957;13;23;2;5;17
-956;7;23;4;14;21
-955;15;21;3;9;13
-954;12;14;1;9;26
-953;12;16;6;10;20
-952;16;14;6;16;26
-951;12;29;9;8;19
-950;11;22;4;13;22
-949;8;31;4;9;29
-948;12;19;5;16;18
-947;18;33;6;7;29
-946;16;21;3;15;17
-945;14;22;8;2;24
-944;17;25;4;10;22
-943;22;23;7;10;22
-942;27;32;7;18;22
-941;20;17;10;14;32
-940;18;23;10;13;36
-939;22;36;11;15;26
-938;21;35;10;12;23
-937;23;45;7;23;27
-936;25;29;11;13;33
-935;25;35;8;10;25
-934;28;33;14;12;31
-933;23;42;8;13;22
-932;26;43;13;21;43
-931;26;35;11;18;20
-930;22;35;16;21;38
-929;34;46;7;18;30
-928;38;33;11;16;35
-927;36;43;9;22;33
-926;43;37;19;26;33
-925;32;40;17;27;30
-924;44;52;22;25;31
-923;32;64;19;19;40
-922;45;67;17;22;36
-921;46;57;18;34;40
-920;49;62;23;27;39
-919;46;61;19;34;42
-918;50;57;19;35;43
-917;45;67;27;34;49
-916;59;63;21;36;51
-915;57;68;23;54;61
-914;62;93;42;37;52
-913;57;81;29;36;43
-912;53;77;30;34;66
-911;69;98;31;56;61
-910;50;90;36;46;65
-909;74;92;33;59;78
-908;77;103;46;69;72
-907;71;98;48;67;91
-906;92;108;51;62;86
-905;100;131;68;68;75
-904;85;130;57;71;82
-903;103;131;59;78;103
-902;93;143;55;84;115
-901;123;138;79;86;130
-900;112;161;98;107;113
-899;112;169;82;97;118
-898;137;157;104;132;123
-897;139;185;111;154;128
-896;157;198;104;132;131
-895;173;236;145;152;174
-894;172;219;146;152;193
-893;185;239;150;173;178
-892;186;228;157;182;192
-891;216;250;167;201;196
-890;205;258;185;211;214
-889;219;276;221;217;237
-888;210;320;239;220;253
-887;266;358;229;231;275
-886;277;349;257;249;269
-885;289;388;289;276;277
-884;316;400;328;307;329
-883;318;400;396;302;356
-882;380;428;353;341;347
-881;361;527;418;342;411
-880;392;496;474;383;418
-879;443;525;505;423;469
-878;436;573;565;436;460
-877;504;625;573;477;529
-876;528;682;654;465;596
-875;525;650;708;523;590
-874;595;734;746;539;566
-873;656;764;798;588;640
-872;679;817;858;586;636
-871;733;909;923;664;702
-870;777;952;1038;676;784
-869;856;998;1045;729;823
-868;881;1114;1164;781;892
-867;922;1119;1240;772;925
-866;978;1196;1278;829;960
-865;1052;1280;1444;877;1044
-864;1125;1250;1519;885;1121
-863;1233;1378;1685;927;1131
-862;1327;1496;1727;927;1218
-861;1368;1549;1859;974;1236
-860;1455;1643;1980;1086;1291
-859;1481;1776;2108;1041;1417
-858;1598;1874;2241;1149;1351
-857;1734;1821;2390;1179;1462
-856;1823;2061;2613;1329;1500
-855;1847;2096;2694;1301;1595
-854;2152;2184;2756;1392;1691
-853;2147;2280;3060;1383;1876
-852;2226;2454;3198;1420;1895
-851;2343;2384;3384;1512;1938
-850;2492;2637;3521;1492;1973
-849;2674;2679;3795;1541;2089
-848;2725;2817;3848;1631;2205
-847;2956;2994;4029;1691;2224
-846;3008;3011;4246;1688;2350
-845;3113;3134;4375;1719;2411
-844;3272;3243;4545;1856;2480
-843;3471;3488;4900;1838;2533
-842;3684;3443;4976;1750;2593
-841;3827;3601;5169;1932;2677
-840;3875;3690;5307;1951;2807
-839;4182;3821;5571;2028;2816
-838;4223;3913;5898;2000;2995
-837;4560;3970;6013;1998;3010
-836;4600;4165;6077;2080;3125
-835;4893;4262;6305;2116;3187
-834;4901;4517;6520;2138;3250
-833;5159;4506;6798;2213;3326
-832;5205;4543;6913;2165;3414
-831;5522;4736;7214;2174;3578
-830;5735;4740;7283;2263;3486
-829;5833;4840;7493;2303;3589
-828;6111;4943;7451;2209;3632
-827;6141;4880;7724;2187;3622
-826;6338;5183;8060;2268;3732
-825;6500;5055;7965;2367;3742
-824;6593;5128;8171;2288;3732
-823;6816;5302;8317;2261;3888
-822;6994;5124;8586;2264;3888
-821;7135;5375;8687;2270;4084
-820;7321;5468;8910;2213;4038
-819;7608;5433;8779;2301;4055
-818;7473;5627;8922;2318;4057
-817;7656;5531;9054;2312;4162
-816;7836;5634;9046;2239;4122
-815;8046;5699;9257;2307;4264
-814;8059;5592;9149;2275;4188
-813;8222;5686;9283;2318;4350
-812;8171;5683;9308;2187;4338
-811;8265;5716;9357;2275;4345
-810;8465;5631;9469;2253;4246
-809;8485;5580;9376;2183;4321
-808;8426;5679;9298;2195;4310
-807;8335;5709;9314;2108;4418
-806;8537;5582;9345;2149;4280
-805;8742;5734;9578;2143;4313
-804;8533;5561;9314;2035;4201
-803;8627;5610;9250;2071;4382
-802;8453;5523;9335;1997;4289
-801;8646;5472;9266;1970;4164
-800;8714;5509;9033;1968;4237
-799;8751;5354;9090;1972;4215
-798;8630;5352;9002;1896;4199
-797;8610;5414;8930;1838;4254
-796;8415;5204;8728;1902;4154
-795;8499;5115;8773;1851;4207
-794;8491;5076;8759;1760;4085
-793;8506;5174;8635;1721;4176
-792;8201;5170;8482;1737;4110
-791;8362;4859;8629;1723;4063
-790;8161;4929;8394;1661;4007
-789;8170;4786;8095;1646;4059
-788;7915;4808;8229;1629;4036
-787;7911;4711;8019;1516;3980
-786;7637;4581;7960;1538;3854
-785;7694;4620;7719;1495;3776
-784;7620;4442;7676;1509;3739
-783;7572;4496;7589;1422;3675
-782;7459;4344;7356;1381;3748
-781;7369;4294;7267;1309;3702
-780;7251;4201;7296;1423;3704
-779;7242;4188;6968;1328;3417
-778;6875;4126;6974;1258;3620
-777;6756;3897;6746;1275;3290
-776;6771;3920;6534;1274;3422
-775;6602;3836;6617;1142;3394
-774;6325;3699;6397;1234;3352
-773;6311;3718;6335;1175;3209
-772;6414;3634;6178;1099;3180
-771;6059;3636;5877;1058;3267
-770;6033;3635;5898;1135;3281
-769;5948;3484;5825;1032;3160
-768;5785;3449;5641;1046;3161
-767;5557;3406;5600;1047;3044
-766;5614;3346;5578;1010;2952
-765;5369;3266;5379;938;2832
-764;5249;3084;5201;948;2795
-763;5291;3144;5017;945;2840
-762;5038;2946;4984;880;2766
-761;5005;2915;4688;880;2689
-760;5029;2912;4755;887;2550
-759;4745;2897;4674;813;2640
-758;4746;2745;4497;856;2562
-757;4568;2755;4479;835;2535
-756;4554;2669;4368;825;2377
-755;4354;2567;4241;799;2417
-754;4276;2642;4255;784;2383
-753;4230;2641;4119;736;2301
-752;4168;2464;3953;668;2330
-751;3962;2398;3827;711;2256
-750;4021;2508;3818;706;2203
-749;3784;2348;3738;679;2213
-748;3836;2334;3689;671;2113
-747;3705;2243;3635;654;2145
-746;3467;2319;3534;645;2046
-745;3507;2079;3459;674;2005
-744;3374;2160;3376;641;2003
-743;3432;2131;3316;649;1948
-742;3315;2071;3204;642;1924
-741;3235;2057;3161;604;1852
-740;3235;2048;3112;594;1824
-739;3225;1886;2985;594;1749
-738;3012;1962;2990;550;1889
-737;2942;1821;2875;586;1736
-736;2949;1874;2795;541;1765
-735;2869;1778;2757;529;1707
-734;2774;1798;2673;548;1671
-733;2823;1773;2699;540;1663
-732;2721;1740;2647;506;1620
-731;2665;1619;2564;503;1642
-730;2523;1613;2600;501;1568
-729;2512;1603;2377;452;1544
-728;2586;1538;2450;474;1410
-727;2364;1558;2341;491;1476
-726;2439;1577;2292;458;1502
-725;2300;1495;2261;451;1474
-724;2321;1501;2113;453;1476
-723;2226;1456;2144;431;1379
-722;2169;1442;2121;441;1335
-721;2172;1417;2117;441;1307
-720;2092;1406;2002;401;1258
-719;2113;1363;2010;378;1240
-718;2015;1366;1939;421;1197
-717;1954;1335;1980;371;1246
-716;1983;1304;1958;383;1292
-715;1857;1287;1898;376;1230
-714;1926;1302;1791;380;1174
-713;1795;1205;1739;378;1197
-712;1940;1231;1813;347;1196
-711;1745;1128;1762;382;1158
-710;1784;1248;1691;376;1088
-709;1740;1144;1697;318;1085
-708;1728;1119;1632;333;1114
-707;1657;1091;1677;319;1039
-706;1702;1104;1613;326;963
-705;1594;1134;1513;360;1051
-704;1535;1060;1578;342;1029
-703;1616;1051;1519;341;959
-702;1460;1015;1489;354;990
-701;1533;981;1468;295;960
-700;1502;1007;1443;354;993
-699;1563;939;1417;297;946
-698;1488;1007;1482;278;944
-697;1441;979;1390;318;863
-696;1409;935;1391;292;924
-695;1339;948;1363;266;910
-694;1353;917;1303;278;849
-693;1427;915;1256;277;873
-692;1353;860;1243;294;827
-691;1329;926;1266;282;801
-690;1278;860;1170;267;800
-689;1302;849;1237;259;753
-688;1261;883;1268;259;827
-687;1252;837;1170;269;772
-686;1207;810;1100;250;752
-685;1220;797;1119;258;752
-684;1171;786;1179;231;762
-683;1145;797;1140;268;774
-682;1198;737;1101;273;674
-681;1119;753;1094;263;739
-680;1134;737;1111;264;709
-679;1090;768;1043;218;733
-678;1090;741;1029;234;721
-677;1091;713;1087;273;699
-676;1092;755;1034;226;669
-675;1092;653;1040;231;671
-674;1026;637;950;220;627
-673;1072;711;979;219;677
-672;1005;692;1003;229;639
-671;978;629;978;217;622
-670;994;683;944;206;636
-669;964;633;958;215;616
-668;1010;712;969;229;577
-667;958;620;898;227;622
-666;943;667;898;225;556
-665;950;662;884;205;603
-664;962;666;861;187;589
-663;850;628;889;210;566
-662;860;632;859;179;604
-661;912;614;854;189;510
-660;877;626;848;211;530
-659;893;605;827;188;578
-658;836;629;800;195;563
-657;899;573;790;203;506
-656;845;565;785;197;523
-655;796;582;817;194;583
-654;828;546;833;184;550
-653;807;576;795;184;562
-652;797;600;822;191;495
-651;756;577;812;177;523
-650;793;578;781;185;500
-649;758;551;743;205;501
-648;794;593;788;196;511
-647;708;534;739;164;518
-646;715;535;757;175;467
-645;759;538;714;179;476
-644;759;519;734;177;457
-643;705;539;708;190;488
-642;696;525;705;165;459
-641;755;508;684;155;460
-640;667;498;698;190;419
-639;689;463;668;152;449
-638;702;526;707;175;456
-637;668;496;641;163;463
-636;647;504;590;156;466
-635;701;505;600;158;408
-634;649;485;664;148;431
-633;652;489;634;144;426
-632;666;447;683;165;421
-631;670;492;633;149;409
-630;640;448;661;160;422
-629;613;440;590;161;386
-628;650;486;583;183;370
-627;606;466;625;135;394
-626;578;424;598;140;419
-625;596;470;598;140;396
-624;653;474;568;147;413
-623;567;443;565;136;393
-622;600;434;627;135;377
-621;615;429;567;145;358
-620;548;424;579;142;362
-619;564;387;563;130;370
-618;567;488;554;142;364
-617;559;399;554;136;364
-616;563;414;536;135;354
-615;527;447;576;133;350
-614;572;432;541;130;363
-613;517;410;517;133;332
-612;531;409;556;126;336
-611;605;395;510;139;361
-610;549;377;596;108;330
-609;528;392;524;132;341
-608;497;417;525;132;371
-607;536;356;478;116;312
-606;474;388;498;138;336
-605;559;368;532;119;352
-604;522;387;528;102;303
-603;528;389;518;123;357
-602;484;333;472;121;302
-601;524;398;519;113;325
-600;510;355;513;116;307
-599;470;340;443;126;317
-598;483;345;521;133;342
-597;473;374;486;123;314
-596;487;389;454;129;290
-595;477;355;484;128;305
-594;459;362;468;112;316
-593;461;329;460;106;318
-592;444;337;437;104;275
-591;477;349;440;109;298
-590;478;348;431;115;298
-589;458;376;482;84;279
-588;465;335;437;96;328
-587;447;338;448;115;270
-586;435;323;432;121;307
-585;418;343;419;121;276
-584;441;341;449;108;275
-583;437;297;425;107;295
-582;435;321;397;97;283
-581;427;356;445;103;299
-580;417;342;435;94;263
-579;437;306;426;104;286
-578;393;312;433;118;274
-577;428;324;446;106;266
-576;393;334;413;96;254
-575;441;304;430;118;258
-574;411;286;424;104;271
-573;430;301;419;108;282
-572;446;333;382;99;267
-571;379;287;413;100;270
-570;403;325;431;103;271
-569;379;308;409;110;258
-568;409;249;384;95;229
-567;425;302;428;94;266
-566;369;296;401;91;233
-565;377;267;398;109;250
-564;374;268;376;98;261
-563;353;309;393;91;243
-562;341;273;364;99;254
-561;397;283;347;89;217
-560;397;284;390;82;237
-559;355;284;372;89;251
-558;362;251;342;101;260
-557;390;288;395;103;248
-556;415;286;349;87;256
-555;367;264;361;92;244
-554;354;260;348;93;237
-553;363;279;385;98;228
-552;343;252;359;80;233
-551;365;283;345;78;216
-550;347;255;369;80;223
-549;341;286;355;75;263
-548;320;275;354;113;226
-547;314;268;346;95;253
-546;336;261;353;81;202
-545;366;246;357;89;232
-544;331;256;356;73;226
-543;318;245;346;76;218
-542;325;274;321;80;250
-541;328;229;321;84;229
-540;336;269;329;93;238
-539;339;246;304;93;214
-538;316;234;305;87;230
-537;327;282;367;82;246
-536;337;261;364;91;226
-535;343;266;327;90;231
-534;304;244;319;71;194
-533;326;250;310;99;237
-532;314;249;346;84;220
-531;309;250;309;65;203
-530;306;249;322;65;207
-529;312;253;342;75;187
-528;334;258;341;78;189
-527;316;250;308;86;204
-526;317;231;323;88;224
-525;316;241;315;77;211
-524;303;233;298;92;196
-523;338;254;317;95;230
-522;347;232;333;75;224
-521;290;223;279;84;241
-520;320;235;278;90;213
-519;333;241;300;75;222
-518;306;227;304;79;215
-517;312;225;312;70;226
-516;296;194;311;79;187
-515;284;199;318;90;179
-514;286;225;275;76;188
-513;312;216;281;77;195
-512;299;247;292;82;199
-511;271;213;276;66;165
-510;299;206;304;83;200
-509;318;217;261;77;203
-508;289;216;270;82;179
-507;323;228;277;80;204
-506;304;249;280;68;192
-505;294;207;292;64;192
-504;289;216;279;73;198
-503;323;222;288;85;192
-502;310;195;286;61;180
-501;306;238;263;82;182
-500;258;217;258;75;186
-499;279;205;251;68;186
-498;294;210;285;60;194
-497;289;210;285;70;210
-496;276;214;281;90;201
-495;293;212;286;72;192
-494;282;222;272;67;181
-493;268;195;268;66;212
-492;242;177;267;55;208
-491;273;199;284;76;210
-490;270;206;273;73;208
-489;255;198;276;64;169
-488;247;212;269;63;188
-487;279;194;259;74;199
-486;268;218;241;68;177
-485;274;228;260;60;208
-484;302;199;237;97;183
-483;253;196;248;62;185
-482;284;232;273;79;183
-481;278;196;261;64;186
-480;236;216;252;75;190
-479;267;223;257;69;173
-478;271;212;250;63;173
-477;246;196;288;73;166
-476;272;208;264;67;193
-475;267;211;236;53;156
-474;251;192;258;74;167
-473;257;196;229;73;151
-472;253;197;285;62;185
-471;263;193;274;59;168
-470;250;189;278;59;152
-469;286;200;221;65;181
-468;251;181;255;74;171
-467;253;199;226;79;180
-466;269;213;259;60;192
-465;246;172;241;66;177
-464;252;202;219;67;175
-463;246;189;257;61;157
-462;216;191;246;61;177
-461;276;177;235;64;164
-460;239;188;242;67;166
-459;254;185;269;69;160
-458;253;197;212;68;156
-457;264;181;240;63;150
-456;229;172;258;62;145
-455;257;184;236;54;196
-454;236;186;234;65;164
-453;240;172;248;56;164
-452;259;181;248;49;157
-451;263;162;253;44;151
-450;261;185;261;56;162
-449;245;183;219;65;155
-448;224;194;237;50;197
-447;251;213;235;48;171
-446;230;184;247;65;162
-445;258;192;257;45;162
-444;265;188;230;66;171
-443;236;183;252;58;164
-442;230;160;254;67;165
-441;235;195;234;72;152
-440;240;207;206;56;170
-439;236;173;250;57;159
-438;234;178;239;52;152
-437;237;174;210;56;166
-436;224;168;213;49;156
-435;230;185;232;57;150
-434;256;179;218;52;145
-433;225;199;216;57;141
-432;237;163;205;55;165
-431;211;183;229;60;144
-430;242;167;216;66;167
-429;248;186;215;48;145
-428;235;173;204;66;177
-427;227;171;224;60;171
-426;226;149;238;44;154
-425;221;170;236;57;155
-424;228;166;209;57;175
-423;222;174;221;65;147
-422;241;182;219;61;199
-421;223;165;205;69;152
-420;226;193;236;57;161
-419;234;183;205;61;152
-418;215;168;235;50;155
-417;197;174;217;61;168
-416;206;160;215;45;206
-415;216;183;194;62;159
-414;190;177;198;49;140
-413;223;157;194;59;159
-412;202;158;198;60;161
-411;209;183;230;60;141
-410;226;174;195;54;141
-409;187;153;207;61;145
-408;184;159;210;59;165
-407;208;188;219;60;166
-406;215;146;218;59;145
-405;197;165;212;62;169
-404;229;165;190;55;151
-403;230;181;206;53;154
-402;226;158;238;52;159
-401;196;176;221;51;132
-400;220;153;190;53;157
-399;209;170;209;42;150
-398;216;188;221;65;137
-397;218;154;228;61;129
-396;225;156;204;56;137
-395;222;189;223;70;135
-394;200;145;207;55;143
-393;193;198;173;41;140
-392;229;142;186;63;119
-391;236;171;199;57;160
-390;209;154;196;58;123
-389;211;162;215;72;148
-388;208;165;211;38;146
-387;216;162;228;51;131
-386;204;151;197;40;132
-385;194;156;187;45;164
-384;198;158;184;63;149
-383;209;153;178;51;155
-382;195;151;209;58;158
-381;208;156;182;44;126
-380;206;142;198;69;146
-379;215;141;220;61;160
-378;206;161;211;46;144
-377;216;176;191;53;148
-376;189;139;203;55;154
-375;198;169;209;49;126
-374;231;153;188;42;139
-373;187;141;196;54;140
-372;187;124;192;59;149
-371;232;145;198;54;142
-370;202;168;192;55;144
-369;181;174;197;55;153
-368;173;150;224;52;138
-367;210;165;180;49;113
-366;179;156;177;46;143
-365;199;159;174;74;122
-364;197;137;156;46;132
-363;179;146;177;52;144
-362;228;140;166;45;158
-361;191;142;184;43;140
-360;183;167;184;41;137
-359;185;141;189;38;118
-358;184;138;173;48;129
-357;196;155;202;52;146
-356;212;134;192;50;151
-355;186;144;205;66;112
-354;195;174;177;55;120
-353;185;139;201;48;132
-352;178;147;183;39;153
-351;207;167;176;50;120
-350;201;139;200;49;117
-349;197;144;191;41;148
-348;173;137;165;52;138
-347;164;110;179;49;141
-346;178;151;161;53;110
-345;187;151;153;51;132
-344;209;137;175;46;146
-343;187;130;165;62;125
-342;187;119;156;34;132
-341;184;123;162;44;137
-340;177;144;196;56;129
-339;171;141;175;40;132
-338;185;129;167;53;133
-337;175;134;175;55;131
-336;168;133;170;51;137
-335;183;134;170;37;110
-334;181;126;173;36;131
-333;172;120;171;60;110
-332;192;140;178;45;114
-331;150;141;176;51;105
-330;195;139;196;48;129
-329;198;144;177;52;109
-328;159;125;174;47;112
-327;157;122;152;42;126
-326;178;126;188;45;108
-325;174;123;143;55;112
-324;161;115;182;48;129
-323;163;144;168;46;88
-322;140;132;172;43;109
-321;136;108;167;51;100
-320;166;101;163;49;110
-319;142;115;145;40;93
-318;147;95;140;41;100
-317;146;99;150;54;104
-316;138;105;164;41;106
-315;141;118;145;44;83
-314;153;111;135;33;98
-313;139;122;137;30;86
-312;133;100;140;26;91
-311;113;107;112;31;76
-310;118;86;118;47;76
-309;152;87;120;38;88
-308;128;77;136;29;88
-307;119;90;113;37;85
-306;119;79;128;44;86
-305;127;93;113;26;84
-304;94;83;125;37;72
-303;112;80;119;27;74
-302;106;71;109;31;76
-301;124;75;106;25;66
-300;84;68;95;27;62
-299;82;81;99;46;67
-298;109;80;94;26;74
-297;105;62;98;30;57
-296;109;77;83;29;69
-295;90;66;96;31;67
-294;91;67;109;28;58
-293;75;72;82;25;75
-292;76;51;71;25;63
-291;93;66;78;18;53
-290;92;47;76;25;58
-289;75;47;93;13;41
-288;74;52;83;24;51
-287;76;44;69;13;55
-286;70;28;79;22;54
-285;60;46;93;24;52
-284;60;50;64;19;52
-283;69;40;77;22;51
-282;61;44;78;20;46
-281;73;41;84;20;73
-280;69;52;63;20;50
-279;74;48;63;16;40
-278;66;39;68;14;47
-277;46;54;68;14;46
-276;73;44;52;17;48
-275;75;41;69;19;55
-274;57;31;59;18;45
-273;72;46;74;24;38
-272;62;44;62;23;44
-271;51;35;68;20;40
-270;70;38;72;14;46
-269;81;44;51;23;46
-268;64;30;63;15;46
-267;63;34;66;13;35
-266;62;51;76;10;50
-265;52;36;59;18;49
-264;55;47;63;13;41
-263;74;45;60;16;33
-262;74;38;64;16;58
-261;56;33;46;9;50
-260;68;19;79;19;39
-259;62;40;55;15;33
-258;71;37;59;17;48
-257;55;41;65;14;41
-256;56;29;66;15;43
-255;68;42;66;18;36
-254;71;39;60;16;42
-253;55;36;54;8;40
-252;58;39;69;18;36
-251;63;34;63;17;44
-250;61;41;61;13;49
-249;45;27;55;10;32
-248;58;36;69;15;45
-247;55;41;77;11;40
-246;74;28;60;13;43
-245;63;32;53;19;39
-244;55;36;52;17;30
-243;71;32;69;12;49
-242;66;40;57;21;38
-241;64;35;54;7;50
-240;81;45;51;16;41
-239;51;27;73;16;42
-238;45;24;44;23;36
-237;69;39;56;19;56
-236;52;38;72;12;38
-235;54;38;59;16;27
-234;60;28;56;19;38
-233;58;31;50;22;34
-232;59;39;66;14;46
-231;46;30;61;15;44
-230;58;38;61;12;35
-229;51;31;53;17;30
-228;44;36;62;18;38
-227;63;38;62;13;33
-226;54;33;75;19;30
-225;63;38;60;12;34
-224;58;42;59;16;37
-223;66;37;64;12;43
-222;48;21;52;12;35
-221;49;34;59;25;51
-220;47;37;53;14;42
-219;61;33;49;13;38
-218;59;35;45;10;40
-217;50;28;50;24;41
-216;59;31;62;16;31
-215;57;31;59;7;37
-214;64;26;48;12;41
-213;57;20;50;12;40
-212;56;35;56;24;42
-211;63;26;43;21;33
-210;46;29;39;15;27
-209;58;31;48;16;40
-208;69;34;51;15;29
-207;64;26;57;13;24
-206;65;32;59;16;32
-205;61;24;58;18;39
-204;58;22;32;20;50
-203;41;38;59;12;32
-202;57;34;55;18;29
-201;63;39;43;12;41
-200;49;28;60;19;34
-199;53;42;53;12;37
-198;51;27;51;15;38
-197;60;35;49;21;37
-196;62;24;56;20;35
-195;47;41;66;23;37
-194;47;39;48;13;32
-193;59;45;56;14;48
-192;48;34;67;22;30
-191;53;28;48;6;45
-190;56;32;48;9;23
-189;39;32;48;9;24
-188;41;26;73;14;31
-187;52;32;40;12;31
-186;52;42;44;18;46
-185;50;38;54;12;22
-184;53;25;57;14;32
-183;28;26;48;15;36
-182;62;25;61;16;39
-181;49;26;40;11;35
-180;62;40;48;14;26
-179;61;26;45;10;31
-178;49;40;40;14;25
-177;44;30;52;16;32
-176;47;33;50;18;34
-175;41;21;55;19;27
-174;39;26;52;14;33
-173;52;26;42;11;34
-172;42;18;63;11;34
-171;41;30;53;19;31
-170;56;39;56;9;37
-169;53;26;46;10;46
-168;48;30;42;15;31
-167;43;25;48;12;30
-166;44;34;48;14;30
-165;54;43;53;11;38
-164;38;35;42;5;34
-163;44;32;54;11;35
-162;51;25;41;11;27
-161;50;34;62;19;35
-160;41;25;49;12;29
-159;38;21;38;11;31
-158;53;29;54;9;29
-157;49;37;49;11;32
-156;44;20;43;13;30
-155;44;21;54;16;26
-154;53;23;41;13;30
-153;42;27;50;19;30
-152;67;30;45;17;41
-151;48;33;47;9;38
-150;59;22;39;17;27
-149;50;27;42;18;23
-148;46;26;45;13;32
-147;43;20;40;13;25
-146;62;31;60;8;36
-145;43;20;56;6;29
-144;40;21;52;18;28
-143;48;26;49;14;34
-142;45;22;67;11;28
-141;34;35;59;8;21
-140;32;26;57;17;29
-139;39;21;52;13;38
-138;41;22;47;14;30
-137;45;23;54;23;31
-136;45;32;50;19;24
-135;40;18;53;10;32
-134;35;28;43;14;26
-133;42;24;48;15;26
-132;40;25;44;14;25
-131;43;28;36;24;31
-130;50;23;49;13;23
-129;49;26;43;13;31
-128;45;27;61;20;38
-127;35;27;50;13;32
-126;35;31;56;22;28
-125;37;23;41;11;31
-124;29;27;51;14;25
-123;43;26;43;10;25
-122;40;25;44;10;27
-121;44;26;60;21;31
-120;39;17;54;14;33
-119;38;28;35;14;30
-118;49;20;43;13;24
-117;45;25;53;21;33
-116;40;20;56;16;18
-115;39;23;45;14;29
-114;47;26;40;15;34
-113;30;30;46;14;33
-112;38;21;35;12;24
-111;51;23;38;9;34
-110;39;17;50;10;32
-109;60;25;40;19;34
-108;45;20;44;15;34
-107;36;32;43;11;35
-106;36;18;41;14;27
-105;42;26;43;17;36
-104;45;24;38;21;31
-103;39;23;39;16;31
-102;46;23;48;11;26
-101;48;22;45;9;25
-100;39;24;40;19;34
-99;33;19;49;13;35
-98;42;27;30;20;36
-97;40;21;49;16;35
-96;52;22;35;10;29
-95;44;36;45;15;35
-94;31;32;40;7;31
-93;61;12;43;10;36
-92;44;25;59;11;40
-91;43;24;46;14;40
-90;34;29;30;14;47
-89;50;25;35;16;26
-88;37;30;48;15;25
-87;30;23;48;12;28
-86;45;29;39;10;23
-85;47;14;47;20;25
-84;36;27;35;13;24
-83;54;14;37;11;23
-82;38;17;41;7;24
-81;43;14;42;11;29
-80;42;25;43;8;38
-79;42;30;39;13;29
-78;39;21;45;5;28
-77;49;28;39;12;30
-76;44;27;37;10;26
-75;37;22;36;17;33
-74;36;30;39;6;30
-73;43;30;39;11;36
-72;37;11;43;9;29
-71;46;23;41;9;23
-70;32;22;43;8;30
-69;47;20;32;10;26
-68;44;22;35;13;30
-67;48;27;39;11;24
-66;32;24;50;6;35
-65;36;22;41;6;33
-64;47;31;48;12;39
-63;34;22;37;12;21
-62;38;20;46;8;30
-61;34;22;43;4;30
-60;43;20;43;11;25
-59;38;24;34;7;28
-58;37;18;39;4;27
-57;40;23;48;9;26
-56;38;20;38;15;28
-55;25;23;39;7;27
-54;39;28;48;12;41
-53;39;18;42;5;26
-52;31;18;53;5;25
-51;40;18;49;9;39
-50;41;17;48;9;21
-49;37;35;32;7;25
-48;33;20;35;8;29
-47;31;19;53;10;28
-46;41;25;48;4;28
-45;35;25;39;10;32
-44;31;19;33;7;31
-43;47;27;39;11;35
-42;38;26;34;15;41
-41;30;25;45;11;18
-40;36;20;35;7;35
-39;36;20;34;10;33
-38;43;17;38;6;35
-37;41;18;21;6;38
-36;37;22;33;8;36
-35;32;26;41;9;36
-34;34;22;46;7;27
-33;35;18;30;7;40
-32;30;24;44;10;23
-31;37;26;34;10;32
-30;47;20;31;9;29
-29;35;28;39;9;31
-28;39;24;45;9;36
-27;38;20;29;9;36
-26;41;20;37;16;30
-25;29;24;32;5;30
-24;31;21;47;5;35
-23;27;19;31;7;31
-22;27;27;42;8;27
-21;23;16;32;10;25
-20;35;20;44;12;32
-19;36;19;44;10;38
-18;45;28;36;10;31
-17;38;21;24;8;26
-16;49;18;39;8;19
-15;41;17;30;9;38
-14;28;13;49;13;31
-13;34;18;42;12;31
-12;30;21;37;11;29
-11;39;23;44;13;31
-10;43;26;45;8;35
-9;25;18;40;6;31
-8;36;22;45;9;28
-7;38;19;24;9;38
-6;35;27;27;9;34
-5;26;23;30;8;26
-4;42;23;35;10;34
-3;36;16;35;12;28
-2;25;23;34;7;27
-1;36;18;35;9;42
0;55;24;41;8;40
1;30;21;34;11;40
2;21;17;34;10;33
3;35;18;29;6;31
4;25;28;23;10;34
5;37;22;39;16;27
6;49;20;35;7;35
7;31;18;47;8;29
8;36;13;36;15;31
9;30;16;42;15;28
10;47;25;42;7;29
11;27;14;33;12;38
12;35;29;34;6;28
13;36;15;35;10;35
14;40;15;41;13;39
15;46;16;34;8;31
16;29;23;41;5;25
17;28;18;49;11;27
18;37;21;45;8;40
19;32;22;30;4;30
20;28;15;43;10;39
21;30;18;45;6;30
22;34;15;46;3;39
23;38;25;36;6;24
24;40;19;32;7;36
25;25;12;37;12;31
26;28;21;40;15;33
27;27;21;37;8;34
28;38;22;32;7;28
29;25;26;39;9;36
30;33;18;29;10;31
31;29;20;34;11;39
32;36;17;35;5;34
33;28;12;35;3;39
34;30;19;42;8;38
35;39;16;33;4;27
36;32;28;31;5;26
37;30;19;32;13;43
38;29;18;34;7;31
39;42;17;24;9;37
40;28;12;39;10;35
41;36;16;53;9;30
42;22;19;33;8;40
43;33;17;35;8;28
44;39;17;32;9;30
45;38;16;30;6;24
46;24;25;38;10;41
47;24;14;33;7;38
48;34;13;42;12;34
49;30;11;37;8;29
50;21;12;39;9;37
51;36;15;40;6;30
52;30;15;35;7;42
53;31;16;32;11;40
54;32;18;37;9;31
55;28;16;26;7;43
56;34;17;34;12;34
57;35;16;44;6;36
58;24;14;37;7;40
59;27;14;29;12;41
60;22;15;35;5;29
61;24;12;28;4;33
62;32;13;27;8;37
63;39;18;39;8;37
64;39;18;32;11;29
65;25;11;28;4;26
66;36;15;39;9;34
67;26;20;33;3;34
68;27;16;39;5;39
69;37;16;35;8;36
70;35;13;42;5;42
71;31;18;35;5;30
72;37;9;41;7;34
73;32;15;40;7;31
74;37;19;34;4;35
75;46;17;30;13;28
76;30;15;36;7;32
77;32;14;31;10;26
78;34;16;34;6;34
79;30;17;30;15;29
80;29;11;42;9;27
81;34;20;31;7;40
82;37;19;49;6;25
83;29;15;37;6;41
84;29;16;33;8;34
85;20;17;37;3;35
86;41;14;35;7;26
87;25;16;31;4;18
88;30;15;28;7;23
89;34;19;33;5;36
90;27;15;40;1;25
91;23;10;36;6;23
92;40;15;28;9;21
93;32;28;32;7;18
94;25;23;35;9;27
95;26;15;28;8;29
96;38;24;35;8;32
97;31;15;33;7;38
98;30;17;44;7;38
99;28;14;41;12;28
100;33;14;35;8;26
101;25;12;38;8;34
102;19;18;40;4;27
103;37;15;45;6;18
104;33;12;32;7;38
105;31;16;46;6;23
106;20;16;36;7;15
107;31;23;33;4;37
108;34;15;33;3;25
109;31;21;46;1;22
110;21;23;31;4;21
111;29;15;32;10;23
112;29;18;32;5;24
113;23;19;44;3;28
114;21;18;37;6;29
115;29;10;31;5;24
116;23;19;32;6;24
117;39;14;30;2;23
118;33;14;36;6;22
119;45;20;36;11;31
120;21;9;39;3;29
121;27;14;37;7;29
122;31;20;40;5;26
123;24;10;36;4;30
124;26;10;32;4;31
125;25;20;34;4;21
126;37;14;35;7;30
127;29;20;34;6;25
128;30;21;30;9;27
129;32;10;30;4;17
130;34;17;38;4;19
131;22;14;41;4;30
132;27;9;39;9;22
133;33;22;23;4;26
134;33;17;32;6;11
135;32;13;46;6;27
136;34;26;29;9;19
137;34;20;33;4;16
138;29;16;30;5;21
139;26;17;35;12;13
140;29;15;37;3;18
141;30;6;32;10;20
142;38;15;28;11;18
143;33;18;39;4;21
144;29;18;19;14;16
145;25;16;32;9;27
146;33;17;36;7;13
147;27;19;40;2;22
148;29;11;37;10;16
149;26;11;29;4;25
150;27;11;41;3;23
151;27;9;29;8;20
152;22;22;31;2;24
153;29;9;35;4;18
154;20;15;35;10;12
155;25;14;28;6;16
156;32;17;32;7;10
157;25;9;24;9;21
158;23;17;32;4;19
159;27;13;30;5;25
160;43;15;24;5;22
161;16;11;37;5;24
162;25;12;25;4;17
163;37;12;34;7;14
164;37;17;43;2;16
165;24;10;23;12;17
166;32;10;35;6;20
167;30;7;33;7;14
168;25;19;39;6;19
169;43;12;34;4;12
170;37;16;32;9;15
171;23;18;33;8;19
172;38;23;28;8;25
173;32;17;34;9;14
174;23;8;40;6;14
175;29;16;24;6;22
176;22;10;23;5;15
177;29;9;27;4;18
178;23;16;24;4;15
179;33;11;40;7;20
180;33;12;35;6;26
181;33;11;33;5;14
182;21;17;34;7;22
183;25;13;30;6;11
184;35;12;37;5;10
185;19;14;34;9;14
186;13;13;41;7;12
187;39;13;23;12;13
188;35;16;32;5;16
189;22;19;34;7;13
190;29;16;31;3;23
191;32;15;24;6;9
192;26;13;26;5;11
193;27;8;32;7;16
194;25;11;28;2;11
195;27;11;37;5;17
196;19;11;20;7;18
197;32;10;39;8;17
198;17;21;24;11;15
199;21;8;33;5;14
200;19;16;35;8;15
201;25;12;39;7;10
202;28;12;25;6;15
203;32;14;27;3;15
204;35;19;30;5;20
205;19;13;45;9;11
206;18;18;29;6;23
207;29;14;25;6;18
208;33;18;29;4;14
209;29;19;40;5;16
210;24;16;32;5;16
211;20;13;26;4;11
212;33;11;39;9;14
213;27;13;27;8;16
214;31;15;30;5;8
215;37;7;30;7;9
216;33;11;38;6;14
217;23;17;29;10;20
218;21;13;33;2;15
219;26;11;28;4;23
220;29;8;26;4;12
221;23;18;32;2;19
222;23;15;31;5;13
223;30;10;37;6;13
224;28;10;20;4;15
225;25;16;36;10;10
226;18;7;43;9;20
227;25;9;26;7;13
228;42;12;28;15;16
229;25;12;25;6;18
230;22;17;38;7;10
231;23;22;31;5;10
232;26;14;31;6;15
233;36;12;32;5;15
234;30;23;32;7;13
235;25;15;33;12;12
236;33;14;31;2;10
237;36;12;27;4;12
238;42;10;34;8;15
239;23;14;37;8;19
240;28;12;33;8;14
241;20;15;23;3;15
242;22;14;17;8;9
243;30;12;46;1;14
244;22;17;33;4;12
245;23;5;31;6;14
246;20;13;28;4;13
247;20;7;27;11;12
248;31;16;30;4;14
249;31;10;31;7;20
250;33;7;29;6;14
251;25;14;31;4;12
252;32;19;39;6;18
253;28;13;34;7;13
254;19;13;38;6;13
255;32;16;30;6;13
256;17;11;27;10;13
257;36;11;26;9;15
258;28;12;34;6;9
259;23;13;29;4;18
260;30;17;32;9;8
261;35;13;44;12;10
262;33;13;37;7;14
263;33;18;35;7;10
264;28;18;43;6;11
265;21;15;44;5;13
266;25;8;28;7;18
267;25;14;26;4;11
268;24;14;36;2;7
269;35;14;50;8;8
270;22;13;31;8;15
271;20;6;35;4;14
272;27;10;30;5;8
273;25;20;30;1;11
274;23;11;32;10;10
275;23;10;26;3;15
276;33;6;33;8;14
277;29;14;23;8;10
278;35;8;33;7;12
279;25;13;39;7;10
280;29;15;35;8;8
281;25;11;34;9;10
282;18;11;36;9;11
283;23;9;42;8;8
284;21;11;30;4;8
285;29;13;35;4;16
286;35;13;35;5;11
287;30;13;42;5;12
288;32;12;42;7;6
289;33;14;30;3;11
290;31;10;22;10;24
291;23;10;36;9;20
292;31;15;35;6;16
293;25;11;42;6;6
294;23;14;29;5;11
295;35;10;39;7;19
296;31;15;36;5;12
297;26;11;26;3;22
298;29;9;28;7;14
299;15;14;37;0;9
300;29;13;30;7;10
301;21;10;32;15;16
302;22;14;36;5;9
303;30;12;28;6;13
304;23;19;46;7;12
305;25;12;39;8;7
306;31;14;45;8;13
307;36;14;36;2;17
308;26;15;42;8;12
309;29;14;37;4;13
310;25;13;48;1;13
311;46;8;38;6;12
312;28;12;46;6;12
313;29;13;51;8;13
314;24;11;46;5;12
315;29;7;32;5;5
316;34;10;59;6;12
317;44;11;49;4;10
318;33;10;52;7;13
319;36;17;51;7;12
320;30;18;37;6;17
321;31;13;62;3;15
322;31;12;61;6;13
323;28;7;64;6;17
324;36;10;48;3;9
325;29;14;52;3;11
326;27;14;53;8;13
327;30;8;71;5;14
328;28;13;59;6;10
329;27;18;46;14;9
330;35;14;46;6;13
331;32;10;61;5;13
332;31;6;64;6;10
333;35;7;47;4;15
334;39;10;66;6;19
335;40;13;53;7;16
336;34;14;60;13;13
337;27;7;58;6;11
338;28;7;54;4;18
339;36;12;65;9;8
340;37;9;57;3;10
341;32;5;51;6;15
342;28;11;61;5;11
343;30;12;78;2;18
344;40;14;58;3;11
345;30;4;52;12;9
346;27;7;66;6;19
347;37;14;65;7;16
348;33;12;62;6;15
349;31;8;54;4;9
350;49;13;72;8;6
351;23;9;49;7;8
352;35;12;77;6;12
353;43;12;53;3;12
354;51;13;69;5;14
355;33;13;67;7;15
356;38;16;48;5;4
357;28;13;65;12;13
358;36;14;61;10;12
359;28;17;74;9;12
360;32;11;55;8;10
361;46;13;54;4;12
362;35;5;71;4;11
363;50;11;60;5;11
364;35;14;61;12;9
365;44;6;68;8;9
366;41;11;67;4;7
367;50;13;74;11;13
368;26;15;74;4;6
369;34;7;71;4;7
370;37;12;60;7;10
371;30;6;55;4;14
372;33;12;66;5;11
373;52;14;54;4;14
374;42;14;59;6;11
375;33;16;72;0;10
376;33;9;79;7;12
377;38;16;57;4;11
378;49;11;61;10;5
379;55;7;64;10;6
380;46;7;79;5;8
381;50;15;72;5;11
382;38;16;71;9;8
383;54;12;71;5;9
384;52;12;60;6;15
385;48;8;78;6;12
386;63;12;66;4;7
387;53;10;86;6;14
388;48;8;81;6;10
389;52;11;77;9;13
390;55;11;71;5;12
391;44;15;69;3;7
392;44;15;86;5;16
393;55;12;63;4;9
394;46;6;69;8;5
395;57;5;66;4;11
396;43;10;82;5;14
397;47;7;58;5;20
398;44;7;65;2;16
399;48;14;72;7;10
400;56;8;76;4;8
401;68;10;59;0;10
402;59;4;74;5;8
403;69;8;60;5;9
404;56;12;71;7;10
405;70;12;56;3;11
406;53;10;68;7;9
407;67;12;65;5;8
408;60;12;72;5;12
409;52;10;66;4;11
410;54;8;62;5;13
411;56;18;60;6;10
412;36;11;55;4;6
413;57;11;58;0;12
414;57;7;63;3;10
415;60;10;51;2;9
416;65;14;64;5;14
417;59;7;54;3;11
418;41;7;59;1;2
419;53;13;60;4;10
420;52;6;47;3;14
421;57;8;60;3;6
422;47;8;52;3;7
423;57;11;64;2;16
424;69;12;56;3;12
425;62;7;44;2;6
426;44;4;48;2;5
427;51;8;57;2;3
428;55;5;50;3;8
429;40;4;50;3;9
430;52;8;51;5;7
431;56;9;40;2;10
432;53;8;50;1;11
433;57;11;47;1;5
434;41;7;40;3;9
435;35;12;47;4;4
436;39;7;49;2;8
437;37;4;35;2;5
438;53;7;43;2;5
439;37;8;47;0;3
440;50;3;40;1;13
441;34;6;45;3;5
442;38;9;41;1;7
443;53;3;36;2;9
444;44;12;40;0;6
445;47;7;33;1;3
446;45;7;24;2;3
447;53;9;40;1;10
448;37;10;32;2;6
449;41;3;34;2;9
450;34;7;25;0;5
451;23;7;33;0;5
452;46;5;22;1;5
453;37;5;35;2;8
454;46;7;31;0;2
455;39;6;23;1;4
456;42;3;22;1;4
457;34;2;24;0;6
458;35;5;29;0;5
459;31;9;18;2;8
460;43;6;23;0;6
461;20;4;19;0;6
462;32;3;20;0;2
463;38;8;16;0;2
464;30;12;23;1;8
465;33;9;17;0;4
466;31;6;19;3;3
467;31;3;13;0;7
468;32;4;15;1;3
469;29;3;8;0;3
470;30;3;16;0;8
471;23;3;10;0;4
472;33;6;15;0;7
473;23;6;9;1;6
474;26;9;20;0;7
475;23;3;18;0;5
476;28;7;14;0;3
477;26;2;10;0;4
478;20;6;12;1;6
479;27;4;14;1;1
480;19;3;13;0;8
481;21;4;7;0;7
482;14;5;9;0;4
483;15;3;9;0;2
484;19;2;8;0;3
485;22;3;7;0;4
486;20;8;8;0;8
487;8;7;5;0;2
488;18;2;5;0;3
489;11;4;4;0;6
490;18;6;5;0;8
491;11;3;6;0;5
492;10;2;4;0;5
493;8;6;7;0;5
494;13;6;5;0;9
495;11;3;1;0;9
496;15;3;6;0;2
497;11;1;5;0;4
498;13;1;7;0;1
499;13;3;6;0;2
500;9;4;4;0;3
501;5;5;7;1;8
502;12;3;3;0;3
503;7;1;5;0;2
504;7;2;6;0;3
505;9;1;1;0;3
506;10;4;3;0;3
507;5;1;4;0;3
508;7;2;4;0;3
509;6;1;4;0;4
510;3;3;2;0;3
511;9;0;4;0;1
512;4;5;2;0;3
513;8;2;5;0;4
514;7;1;5;0;4
515;5;1;2;0;4
516;6;3;7;0;2
517;4;3;1;0;3
518;4;2;1;0;3
519;4;1;1;0;3
520;2;1;0;0;4
521;5;0;3;0;2
522;4;3;0;0;4
523;4;2;1;0;4
524;4;1;2;0;4
525;4;2;0;0;4
526;3;2;1;0;1
527;5;2;4;0;4
528;1;0;0;0;2
529;3;0;0;0;0
530;2;0;3;0;0
531;4;2;0;0;1
532;1;1;0;0;1
533;0;4;3;0;3
534;1;0;2;0;3
535;3;1;0;0;1
536;1;3;2;0;5
537;3;1;1;0;2
538;3;0;3;0;0
539;4;2;0;0;8
540;1;1;1;0;1
541;2;2;1;0;1
542;4;1;0;0;0
543;2;1;1;0;3
544;2;0;1;0;3
545;2;0;0;0;0
546;0;1;0;0;0
547;1;2;1;0;2
548;0;0;1;0;2
549;0;0;0;0;2
550;0;0;0;0;0
551;0;0;0;0;2
552;1;0;0;0;0
553;0;1;0;0;1
554;1;0;0;0;0
555;1;1;0;0;0
556;2;1;1;0;1
557;1;0;0;0;0
558;0;1;1;0;0
559;2;0;0;0;0
560;3;0;0;0;1
561;2;0;2;0;1
562;0;0;0;0;0
563;3;1;0;0;0
564;0;0;0;0;1
565;0;0;0;0;0
566;1;1;0;0;2
567;0;0;0;0;1
568;1;0;1;0;1
569;1;0;1;0;0
570;1;2;0;0;0
571;1;0;0;0;0
572;0;1;0;0;0
573;2;1;1;0;0
574;0;0;0;0;0
575;0;0;0;0;0
576;0;0;0;0;1
577;0;1;1;0;0
578;1;1;0;0;3
579;1;0;0;0;1
580;0;0;0;0;2
581;0;0;0;0;1
582;1;0;1;0;1
583;0;0;0;0;0
584;0;0;1;0;1
585;0;0;0;0;0
586;0;0;0;0;2
587;0;0;0;0;2
588;0;0;0;0;0
589;0;0;0;0;0
590;0;0;0;0;1
591;0;0;0;0;1
592;1;0;0;0;1
593;0;0;0;0;1
594;0;0;0;0;1
595;0;0;0;0;0
596;0;0;0;0;1
597;0;0;0;0;0
598;0;0;0;0;0
599;0;0;0;0;1
600;0;0;0;0;1
601;0;0;0;0;0
602;0;0;0;0;2
603;0;0;0;0;1
604;0;0;0;0;0
605;0;0;0;0;1
606;0;0;0;0;2
607;0;0;0;0;3
608;0;0;0;0;2
609;0;0;0;0;0
610;0;0;0;0;1
611;0;0;0;0;0
612;0;0;0;0;0
613;0;0;0;0;3
614;0;0;0;0;0
615;0;0;0;0;0
616;0;0;0;0;0
617;0;0;0;0;1
618;0;0;0;0;0
619;0;0;0;0;0
620;0;0;0;0;0
621;0;0;0;0;1
622;0;0;0;0;0
623;0;0;0;0;2
624;0;0;0;0;0
625;0;0;0;0;0
626;0;0;0;0;0
627;0;0;0;0;2
628;0;0;0;0;0
629;0;0;0;0;0
630;0;0;0;0;0
631;0;0;0;0;1
632;0;0;0;0;0
633;0;0;0;0;0
634;0;0;0;0;0
635;0;0;0;0;1
636;0;0;0;0;1
637;0;0;0;0;1
638;0;0;0;0;0
639;0;0;0;0;0
640;0;0;0;0;1
641;0;0;0;0;0
642;0;0;0;0;1
643;0;0;0;0;0
644;0;0;0;0;0
645;0;0;0;0;0
646;0;0;0;0;0
647;0;0;0;0;1
648;0;0;0;0;1
649;0;0;0;0;1
650;0;0;0;0;1
651;0;0;0;0;0
652;0;0;0;0;0
653;0;0;0;0;0
654;0;0;0;0;1
655;0;0;0;0;0
656;0;0;0;0;0
657;0;0;0;0;0
658;0;0;0;0;0
659;0;0;0;0;0
660;0;0;0;0;0
661;0;0;0;0;0
662;0;0;0;0;0
663;0;0;0;0;1
664;0;0;0;0;0
665;0;0;0;0;0
666;0;0;0;0;0
667;0;0;0;0;0
668;0;0;0;0;0
669;0;0;0;0;1
670;0;0;0;0;1
671;0;0;0;0;0
672;0;0;0;0;0
673;0;0;0;0;0
674;0;0;0;0;1
675;0;0;0;0;0
676;0;0;0;0;0
677;0;0;0;0;1
678;0;0;0;0;2
679;0;0;0;0;0
680;0;0;0;0;2
681;0;0;0;0;0
682;0;0;0;0;2
683;0;0;0;0;0
684;0;0;0;0;1
685;0;0;0;0;3
686;0;0;0;0;1
687;0;0;0;0;1
688;0;0;0;0;0
689;0;0;0;0;0
690;0;0;0;0;0
691;0;0;0;0;1
692;0;0;0;0;1
693;0;0;0;0;0
694;0;0;0;0;3
695;0;0;0;0;0
696;0;0;0;0;0
697;0;0;0;0;2
698;0;0;0;0;0
699;0;0;0;0;0
700;0;0;0;0;0
701;0;0;0;0;2
702;0;0;0;0;1
703;0;0;0;0;1
704;0;0;0;0;1
705;0;0;0;0;0
706;0;0;0;0;1
707;0;0;0;0;0
708;0;0;0;0;1
709;0;0;0;0;2
710;0;0;0;0;0
711;0;0;0;0;3
712;0;0;0;0;1
713;0;0;0;0;0
714;0;0;0;0;3
715;0;0;0;0;2
716;0;0;0;0;0
717;0;0;0;0;0
718;0;0;0;0;0
719;0;0;0;0;0
720;0;0;0;0;2
721;0;0;0;0;0
722;0;0;0;0;0
723;0;0;0;0;0
724;0;0;0;0;0
725;0;0;0;0;2
726;0;0;0;0;1
727;0;0;0;0;0
728;0;0;0;0;0
729;0;0;0;0;1
730;0;0;0;0;1
731;0;0;0;0;0
732;0;0;0;0;1
733;0;0;0;0;0
734;0;0;0;0;0
735;0;0;0;0;0
736;0;0;0;0;1
737;0;0;0;0;0
738;0;0;0;0;0
739;0;0;0;0;0
740;0;0;0;0;0
741;0;0;0;0;0
742;0;0;0;0;1
743;0;0;0;0;0
744;0;0;0;0;0
745;0;0;0;0;0
746;0;0;0;0;1
747;0;0;0;0;0
748;0;0;0;0;0
749;0;0;0;0;0
750;0;0;0;0;0
751;0;0;0;0;0
752;0;0;0;0;0
753;0;0;0;0;0
754;0;0;0;0;1
755;0;0;0;0;1
756;0;0;0;0;0
757;0;0;0;0;1
758;0;0;0;0;0
759;0;0;0;0;0
760;0;0;0;0;0
761;0;0;0;0;0
762;0;0;0;0;2
763;0;0;0;0;0
764;0;0;0;0;0
765;0;0;0;0;0
766;0;0;0;0;0
767;0;0;0;0;0
768;0;0;0;0;0
769;0;0;0;0;1
770;0;0;0;0;1
771;0;0;0;0;0
772;0;0;0;0;0
773;0;0;0;0;0
774;0;0;0;0;0
775;0;0;0;0;1
776;0;0;0;0;0
777;0;0;0;0;0
778;0;0;0;0;0
779;0;0;0;0;1
780;0;0;0;0;0
781;0;0;0;0;0
782;0;0;0;0;0
783;0;0;0;0;0
784;0;0;0;0;0
785;0;0;0;0;0
786;0;0;0;0;0
787;0;0;0;0;1
788;0;0;0;0;0
789;0;0;0;0;0
790;0;0;0;0;0
791;0;0;0;0;0
792;0;0;0;0;1
793;0;0;0;0;1
794;0;0;0;0;1
795;0;0;0;0;0
796;0;0;0;0;1
797;0;0;0;0;1
798;0;0;0;0;0
799;0;0;0;0;0
800;0;0;0;0;0
801;0;0;0;0;0
802;0;0;0;0;1
803;0;0;0;0;0
804;0;0;0;0;0
805;0;0;0;0;1
806;0;0;0;0;0
807;0;0;0;0;0
808;0;0;0;0;0
809;0;0;0;0;1
810;0;0;0;0;1
811;0;0;0;0;0
812;0;0;0;0;0
813;0;0;0;0;0
814;0;0;0;0;1
815;0;0;0;0;1
816;0;0;0;0;0
817;0;0;0;0;0
818;0;0;0;0;1
819;0;0;0;0;0
820;0;0;0;0;0
821;0;0;0;0;0
822;0;0;0;0;0
823;0;0;0;0;1
824;0;0;0;0;0
825;0;0;0;0;0
826;0;0;0;0;0
827;0;0;0;0;0
828;0;0;0;0;1
829;0;0;0;0;2
830;0;0;0;0;0
831;0;0;0;0;0
832;0;0;0;0;0
833;0;0;0;0;1
834;0;0;0;0;0
835;0;0;0;0;0
836;0;0;0;0;1
837;0;0;0;0;0
838;0;0;0;0;0
839;0;0;0;0;1
840;0;0;0;0;0
841;0;0;0;0;0
842;0;0;0;0;2
843;0;0;0;0;1
844;0;0;0;0;1
845;0;0;0;0;0
846;0;0;0;0;0
847;0;0;0;0;0
848;0;0;0;0;1
849;0;0;0;0;1
850;0;0;0;0;1
851;0;0;0;0;0
852;0;0;0;0;0
853;0;0;0;0;2
854;0;0;0;0;1
855;0;0;0;0;0
856;0;0;0;0;0
857;0;0;0;0;0
858;0;0;0;0;0
859;0;0;0;0;0
860;0;0;0;0;0
861;0;0;0;0;0
862;0;0;0;0;1
863;0;0;0;0;0
864;0;0;0;0;0
865;0;0;0;0;0
866;0;0;0;0;0
867;0;0;0;0;0
868;0;0;0;0;0
869;0;0;0;0;1
870;0;0;0;0;0
871;0;0;0;0;1
872;0;0;0;0;1
873;0;0;0;0;1
874;0;0;0;0;0
875;0;0;0;0;0
876;0;0;0;0;0
877;0;0;0;0;0
878;0;0;0;0;0
879;0;0;0;0;0
880;0;0;0;0;0
881;0;0;0;0;0
882;0;0;0;0;1
883;0;0;0;0;0
884;0;0;0;0;0
885;0;0;0;0;0
886;0;0;0;0;1
887;0;0;0;0;0
888;0;0;0;0;0
889;0;0;0;0;0
890;0;0;0;0;0
891;0;0;0;0;1
892;0;0;0;0;0
893;0;0;0;0;0
894;0;0;0;0;0
895;0;0;0;0;1
896;0;0;0;0;0
897;0;0;0;0;0
898;0;0;0;0;0
899;0;0;0;0;1
900;0;0;0;0;0
901;0;0;0;0;0
902;0;0;0;0;2
903;0;0;0;0;1
904;0;0;0;0;0
905;0;0;0;0;0
906;0;0;0;0;0
907;0;0;0;0;0
908;0;0;0;0;0
909;0;0;0;0;0
910;0;0;0;0;0
911;0;0;0;0;0
912;0;0;0;0;0
913;0;0;0;0;0
914;0;0;0;0;1
915;0;0;0;0;0
916;0;0;0;0;0
917;0;0;0;0;0
918;0;0;0;0;0
919;0;0;0;0;0
920;0;0;0;0;1
921;0;0;0;0;0
922;0;0;0;0;0
923;0;0;0;0;0
924;0;0;0;0;1
925;0;0;0;0;0
926;0;0;0;0;0
927;0;0;0;0;0
928;0;0;0;0;0
929;0;0;0;0;0
930;0;0;0;0;0
931;0;0;0;0;0
932;0;0;0;0;0
933;0;0;0;0;1
934;0;0;0;0;0
935;0;0;0;0;1
936;0;0;0;0;0
937;0;0;0;0;1
938;0;0;0;0;1
939;0;0;0;0;0
940;0;0;0;0;1
941;0;0;0;0;0
942;0;0;0;0;2
943;0;0;0;0;0
944;0;0;0;0;0
945;0;0;0;0;0
946;0;0;0;0;0
947;0;0;0;0;0
948;0;0;0;0;0
949;0;0;0;0;0
950;0;0;0;0;1
951;0;0;0;0;0
952;0;0;0;0;0
953;0;0;0;0;0
954;0;0;0;0;0
955;0;0;0;0;1
956;0;0;0;0;0
957;0;0;0;0;1
958;0;0;0;0;0
959;0;0;0;0;0
960;0;0;0;0;0
961;0;0;0;0;0
962;0;0;0;0;1
963;0;0;0;0;0
964;0;0;0;0;0
965;0;0;0;0;0
966;0;0;0;0;0
967;0;0;0;0;0
968;0;0;0;0;1
969;0;0;0;0;1
970;0;0;0;0;0
971;0;0;0;0;0
972;0;0;0;0;0
973;0;0;0;0;2
974;0;0;0;0;0
975;0;0;0;0;0
976;0;0;0;0;1
977;0;0;0;0;1
978;0;0;0;0;1
979;0;0;0;0;1
980;0;0;0;0;1
981;0;0;0;0;0
982;0;0;0;0;0
983;0;0;0;0;0
984;0;0;0;0;1
985;0;0;0;0;0
986;0;0;0;0;0
987;0;0;0;0;1
988;0;0;0;0;0
989;0;0;0;0;0
990;0;0;0;0;1
991;0;0;0;0;0
992;0;0;0;0;0
993;0;0;0;0;0
994;0;0;0;0;0
995;0;0;0;0;0
996;0;0;0;0;0
997;0;0;0;0;0
998;0;0;0;0;0
999;0;0;0;0;0
1000;0;0;0;0;1
1001;0;0;0;0;0
1002;0;0;0;0;0
1003;0;0;0;0;0
1004;0;0;0;0;0
1005;0;0;0;0;0
1006;0;0;0;0;0
1007;0;0;0;0;2
1008;0;0;0;0;0
1009;0;0;0;0;1
1010;0;0;0;0;0
1011;0;0;0;0;1
1012;0;0;0;0;0
1013;0;0;0;0;0
1014;0;0;0;0;1
1015;0;0;0;0;0
1016;0;0;0;0;0
1017;0;0;0;0;0
1018;0;0;0;0;0
1019;0;0;0;0;0
1020;0;0;0;0;2
1021;0;0;0;0;1
1022;0;0;0;0;0
1023;0;0;0;0;0
1024;0;0;0;0;0
1025;0;0;0;0;0
1026;0;0;0;0;0
1027;0;0;0;0;0
1028;0;0;0;0;0
1029;0;0;0;0;0
1030;0;0;0;0;1
1031;0;0;0;0;1
1032;0;0;0;0;0
1033;0;0;0;0;0
1034;0;0;0;0;0
1035;0;0;0;0;0
1036;0;0;0;0;0
1037;0;0;0;0;0
1038;0;0;0;0;0
1039;0;0;0;0;0
1040;0;0;0;0;0
1041;0;0;0;0;0
1042;0;0;0;0;0
1043;0;0;0;0;0
1044;0;0;0;0;0
1045;0;0;0;0;0
1046;0;0;0;0;0
1047;0;0;0;0;0
1048;0;0;0;0;0
1049;0;0;0;0;0
1050;0;0;0;0;1
1051;0;0;0;0;0
1052;0;0;0;0;0
1053;0;0;0;0;1
1054;0;0;0;0;0
1055;0;0;0;0;1
1056;0;0;0;0;0
1057;0;0;0;0;0
1058;0;0;0;0;3
1059;0;0;0;0;0
1060;0;0;0;0;0
1061;0;0;0;0;2
1062;0;0;0;0;0
1063;0;0;0;0;0
1064;0;0;0;0;1
1065;0;0;0;0;0
1066;0;0;0;0;0
1067;0;0;0;0;0
1068;0;0;0;0;0
1069;0;0;0;0;0
1070;0;0;0;0;1
1071;0;0;0;0;0
1072;0;0;0;0;2
1073;0;0;0;0;0
1074;0;0;0;0;0
1075;0;0;0;0;0
1076;0;0;0;0;0
1077;0;0;0;0;0
1078;0;0;0;0;0
1079;0;0;0;0;1
1080;0;0;0;0;1
1081;0;0;0;0;0
1082;0;0;0;0;0
1083;0;0;0;0;0
1084;0;0;0;0;0
1085;0;0;0;0;0
1086;0;0;0;0;0
1087;0;0;0;0;0
1088;0;0;0;0;0
1089;0;0;0;0;0
1090;0;0;0;0;0
1091;0;0;0;0;2
1092;0;0;0;0;0
1093;0;0;0;0;0
1094;0;0;0;0;0
1095;0;0;0;0;0
1096;0;0;0;0;0
1097;0;0;0;0;0
1098;0;0;0;0;1
1099;0;0;0;0;0
1100;0;0;0;0;0
1101;0;0;0;0;0
1102;0;0;0;0;0
1103;0;0;0;0;0
1104;0;0;0;0;0
1105;0;0;0;0;0
1106;0;0;0;0;0
1107;0;0;0;0;0
1108;0;0;0;0;0
1109;0;0;0;0;0
1110;0;0;0;0;0
1111;0;0;0;0;0
1112;0;0;0;0;0
1113;0;0;0;0;0
1114;0;0;0;0;0
1115;0;0;0;0;0
1116;0;0;0;0;0
1117;0;0;0;0;0
1118;0;0;0;0;0
1119;0;0;0;0;0
1120;0;0;0;0;0
1121;0;0;0;0;0
1122;0;0;0;0;0
1123;0;0;0;0;2
1124;0;0;0;0;0
1125;0;0;0;0;1
1126;0;0;0;0;1
1127;0;0;0;0;0
1128;0;0;0;0;0
1129;0;0;0;0;0
1130;0;0;0;0;0
1131;0;0;0;0;1
1132;0;0;0;0;0
1133;0;0;0;0;1
1134;0;0;0;0;0
1135;0;0;0;0;1
1136;0;0;0;0;0
1137;0;0;0;0;1
1138;0;0;0;0;2
1139;0;0;0;0;1
1140;0;0;0;0;0
1141;0;0;0;0;1
1142;0;0;0;0;2
1143;0;0;0;0;0
1144;0;0;0;0;0
1145;0;0;0;0;0
1146;0;0;0;0;0
1147;0;0;0;0;0
1148;0;0;0;0;2
1149;0;0;0;0;1
1150;0;0;0;0;0
1151;0;0;0;0;0
1152;0;0;0;0;0
1153;0;0;0;0;1
1154;0;0;0;0;0
1155;0;0;0;0;0
1156;0;0;0;0;0
1157;0;0;0;0;0
1158;0;0;0;0;0
1159;0;0;0;0;0
1160;0;0;0;0;1
1161;0;0;0;0;0
1162;0;0;0;0;0
1163;0;0;0;0;0
1164;0;0;0;0;2
1165;0;0;0;0;0
1166;0;0;0;0;1
1167;0;0;0;0;0
1168;0;0;0;0;0
1169;0;0;0;0;0
1170;0;0;0;0;0
1171;0;0;0;0;0
1172;0;0;0;0;0
1173;0;0;0;0;0
1174;0;0;0;0;1
1175;0;0;0;0;0
1176;0;0;0;0;0
1177;0;0;0;0;0
1178;0;0;0;0;0
1179;0;0;0;0;0
1180;0;0;0;0;0
1181;0;0;0;0;1
1182;0;0;0;0;0
1183;0;0;0;0;0
1184;0;0;0;0;0
1185;0;0;0;0;0
1186;0;0;0;0;0
1187;0;0;0;0;0
1188;0;0;0;0;1
1189;0;0;0;0;0
1190;0;0;0;0;0
1191;0;0;0;0;1
1192;0;0;0;0;0
1193;0;0;0;0;0
1194;0;0;0;0;0
1195;0;0;0;0;1
1196;0;0;0;0;0
1197;0;0;0;0;2
1198;0;0;0;0;0
1199;0;0;0;0;0
1200;0;0;0;0;0
1201;0;0;0;0;0
1202;0;0;0;0;0
1203;0;0;0;0;0
1204;0;0;0;0;0
1205;0;0;0;0;0
1206;0;0;0;0;0
1207;0;0;0;0;0
1208;0;0;0;0;1
1209;0;0;0;0;0
1210;0;0;0;0;1
1211;0;0;0;0;0
1212;0;0;0;0;0
1213;0;0;0;0;0
1214;0;0;0;0;1
1215;0;0;0;0;1
1216;0;0;0;0;0
1217;0;0;0;0;0
1218;0;0;0;0;1
1219;0;0;0;0;0
1220;0;0;0;0;1
1221;0;0;0;0;0
1222;0;0;0;0;1
1223;0;0;0;0;0
1224;0;0;0;0;0
1225;0;0;0;0;0
1226;0;0;0;0;1
1227;0;0;0;0;0
1228;0;0;0;0;1
1229;0;0;0;0;0
1230;0;0;0;0;0
1231;0;0;0;0;1
1232;0;0;0;0;1
1233;0;0;0;0;1
1234;0;0;0;0;0
1235;0;0;0;0;0
1236;0;0;0;0;0
1237;0;0;0;0;1
1238;0;0;0;0;0
1239;0;0;0;0;0
1240;0;0;0;0;0
1241;0;0;0;0;1
1242;0;0;0;0;0
1243;0;0;0;0;1
1244;0;0;0;0;0
1245;0;0;0;0;2
1246;0;0;0;0;0
1247;0;0;0;0;0
1248;0;0;0;0;0
1249;0;0;0;0;0
1250;0;0;0;0;0
1251;0;0;0;0;0
1252;0;0;0;0;0
1253;0;0;0;0;0
1254;0;0;0;0;1
1255;0;0;0;0;0
1256;0;0;0;0;0
1257;0;0;0;0;0
1258;0;0;0;0;1
1259;0;0;0;0;0
1260;0;0;0;0;0
1261;0;0;0;0;0
1262;0;0;0;0;0
1263;0;0;0;0;0
1264;0;0;0;0;1
1265;0;0;0;0;0
1266;0;0;0;0;0
1267;0;0;0;0;0
1268;0;0;0;0;0
1269;0;0;0;0;0
1270;0;0;0;0;0
1271;0;0;0;0;2
1272;0;0;0;0;2
1273;0;0;0;0;0
1274;0;0;0;0;0
1275;0;0;0;0;0
1276;0;0;0;0;0
1277;0;0;0;0;0
1278;0;0;0;0;1
1279;0;0;0;0;1
1280;0;0;0;0;0
1281;0;0;0;0;0
1282;0;0;0;0;0
1283;0;0;0;0;0
1284;0;0;0;0;0
1285;0;0;0;0;0
1286;0;0;0;0;0
1287;0;0;0;0;0
1288;0;0;0;0;0
1289;0;0;0;0;0
1290;0;0;0;0;0
1291;0;0;0;0;0
1292;0;0;0;0;0
1293;0;0;0;0;0
1294;0;0;0;0;1
1295;0;0;0;0;0
1296;0;0;0;0;1
1297;0;0;0;0;0
1298;0;0;0;0;0
1299;0;0;0;0;0
1300;0;0;0;0;1
1301;0;0;0;0;2
1302;0;0;0;0;0
1303;0;0;0;0;1
1304;0;0;0;0;0
1305;0;0;0;0;1
1306;0;0;0;0;0
1307;0;0;0;0;0
1308;0;0;0;0;1
1309;0;0;0;0;0
1310;0;0;0;0;0
1311;0;0;0;0;0
1312;0;0;0;0;0
1313;0;0;0;0;0
1314;0;0;0;0;0
1315;0;0;0;0;2
1316;0;0;0;0;1
1317;0;0;0;0;1
1318;0;0;0;0;1
1319;0;0;0;0;1
1320;0;0;0;0;0
1321;0;0;0;0;0
1322;0;0;0;0;0
1323;0;0;0;0;1
1324;0;0;0;0;0
1325;0;0;0;0;1
1326;0;0;0;0;0
1327;0;0;0;0;0
1328;0;0;0;0;0
1329;0;0;0;0;0
1330;0;0;0;0;0
1331;0;0;0;0;0
1332;0;0;0;0;0
1333;0;0;0;0;0
1334;0;0;0;0;0
1335;0;0;0;0;0
1336;0;0;0;0;1
1337;0;0;0;0;0
1338;0;0;0;0;0
1339;0;0;0;0;0
1340;0;0;0;0;0
1341;0;0;0;0;1
1342;0;0;0;0;0
1343;0;0;0;0;0
1344;0;0;0;0;0
1345;0;0;0;0;0
1346;0;0;0;0;0
1347;0;0;0;0;0
1348;0;0;0;0;0
1349;0;0;0;0;0
1350;0;0;0;0;0
1351;0;0;0;0;0
1352;0;0;0;0;0
1353;0;0;0;0;0
1354;0;0;0;0;0
1355;0;0;0;0;0
1356;0;0;0;0;0
1357;0;0;0;0;0
1358;0;0;0;0;2
1359;0;0;0;0;1
1360;0;0;0;0;0
1361;0;0;0;0;0
1362;0;0;0;0;0
1363;0;0;0;0;1
1364;0;0;0;0;0
1365;0;0;0;0;0
1366;0;0;0;0;0
1367;0;0;0;0;0
1368;0;0;0;0;0
1369;0;0;0;0;0
1370;0;0;0;0;0
1371;0;0;0;0;1
1372;0;0;0;0;0
1373;0;0;0;0;0
1374;0;0;0;0;0
1375;0;0;0;0;0
1376;0;0;0;0;1
1377;0;0;0;0;0
1378;0;0;0;0;0
1379;0;0;0;0;2
1380;0;0;0;0;0
1381;0;0;0;0;0
1382;0;0;0;0;0
1383;0;0;0;0;0
1384;0;0;0;0;1
1385;0;0;0;0;0
1386;0;0;0;0;0
1387;0;0;0;0;0
1388;0;0;0;0;1
1389;0;0;0;0;0
1390;0;0;0;0;0
1391;0;0;0;0;0
1392;0;0;0;0;0
1393;0;0;0;0;0
1394;0;0;0;0;0
1395;0;0;0;0;0
1396;0;0;0;0;0
1397;0;0;0;0;0
1398;0;0;0;0;0
1399;0;0;0;0;1
1400;0;0;0;0;0
1401;0;0;0;0;2
1402;0;0;0;0;0
1403;0;0;0;0;2
1404;0;0;0;0;2
1405;0;0;0;0;0
1406;0;0;0;0;0
1407;0;0;0;0;0
1408;0;0;0;0;0
1409;0;0;0;0;0
1410;0;0;0;0;0
1411;0;0;0;0;0
1412;0;0;0;0;1
1413;0;0;0;0;0
1414;0;0;0;0;0
1415;0;0;0;0;0
1416;0;0;0;0;0
1417;0;0;0;0;0
1418;0;0;0;0;0
1419;0;0;0;0;0
1420;0;0;0;0;0
1421;0;0;0;0;0
1422;0;0;0;0;0
1423;0;0;0;0;0
1424;0;0;0;0;1
1425;0;0;0;0;0
1426;0;0;0;0;0
1427;0;0;0;0;0
1428;0;0;0;0;0
1429;0;0;0;0;0
1430;0;0;0;0;1
1431;0;0;0;0;0
1432;0;0;0;0;0
1433;0;0;0;0;0
1434;0;0;0;0;0
1435;0;0;0;0;0
1436;0;0;0;0;0
1437;0;0;0;0;1
1438;0;0;0;0;0
1439;0;0;0;0;0
1440;0;0;0;0;1
1441;0;0;0;0;0
1442;0;0;0;0;0
1443;0;0;0;0;1
1444;0;0;0;0;0
1445;0;0;0;0;0
1446;0;0;0;0;0
1447;0;0;0;0;0
1448;0;0;0;0;2
1449;0;0;0;0;0
1450;0;0;0;0;0
1451;0;0;0;0;0
1452;0;0;0;0;1
1453;0;0;0;0;1
1454;0;0;0;0;0
1455;0;0;0;0;0
1456;0;0;0;0;1
1457;0;0;0;0;0
1458;0;0;0;0;0
1459;0;0;0;0;0
1460;0;0;0;0;1
1461;0;0;0;0;0
1462;0;0;0;0;1
1463;0;0;0;0;0
1464;0;0;0;0;1
1465;0;0;0;0;1
1466;0;0;0;0;0
1467;0;0;0;0;0
1468;0;0;0;0;0
1469;0;0;0;0;0
1470;0;0;0;0;0
1471;0;0;0;0;0
1472;0;0;0;0;0
1473;0;0;0;0;0
1474;0;0;0;0;0
1475;0;0;0;0;0
1476;0;0;0;0;0
1477;0;0;0;0;0
1478;0;0;0;0;0
1479;0;0;0;0;0
1480;0;0;0;0;0
1481;0;0;0;0;0
1482;0;0;0;0;0
1483;0;0;0;0;0
1484;0;0;0;0;1
1485;0;0;0;0;0
1486;0;0;0;0;0
1487;0;0;0;0;0
1488;0;0;0;0;0
1489;0;0;0;0;1
1490;0;0;0;0;0
1491;0;0;0;0;0
1492;0;0;0;0;0
1493;0;0;0;0;0
1494;0;0;0;0;0
1495;0;0;0;0;0
1496;0;0;0;0;0
1497;0;0;0;0;0
1498;0;0;0;0;0
1499;0;0;0;0;0
1500;0;0;0;0;1
1501;0;0;0;0;1
1502;0;0;0;0;0
1503;0;0;0;0;0
1504;0;0;0;0;0
1505;0;0;0;0;0
1506;0;0;0;0;1
1507;0;0;0;0;1
1508;0;0;0;0;0
1509;0;0;0;0;0
1510;0;0;0;0;0
1511;0;0;0;0;0
1512;0;0;0;0;0
1513;0;0;0;0;0
1514;0;0;0;0;1
1515;0;0;0;0;0
1516;0;0;0;0;0
1517;0;0;0;0;1
1518;0;0;0;0;0
1519;0;0;0;0;0
1520;0;0;0;0;0
1521;0;0;0;0;0
1522;0;0;0;0;0
1523;0;0;0;0;2
1524;0;0;0;0;0
1525;0;0;0;0;0
1526;0;0;0;0;0
1527;0;0;0;0;0
1528;0;0;0;0;0
1529;0;0;0;0;0
1530;0;0;0;0;0
1531;0;0;0;0;0
1532;0;0;0;0;0
1533;0;0;0;0;2
1534;0;0;0;0;0
1535;0;0;0;0;0
1536;0;0;0;0;0
1537;0;0;0;0;0
1538;0;0;0;0;1
1539;0;0;0;0;0
1540;0;0;0;0;0
1541;0;0;0;0;0
1542;0;0;0;0;1
1543;0;0;0;0;0
1544;0;0;0;0;0
1545;0;0;0;0;0
1546;0;0;0;0;0
1547;0;0;0;0;0
1548;0;0;0;0;0
1549;0;0;0;0;0
1550;0;0;0;0;0
1551;0;0;0;0;0
1552;0;0;0;0;0
1553;0;0;0;0;0
1554;0;0;0;0;0
1555;0;0;0;0;0
1556;0;0;0;0;0
1557;0;0;0;0;0
1558;0;0;0;0;0
1559;0;0;0;0;0
1560;0;0;0;0;0
1561;0;0;0;0;0
1562;0;0;0;0;0
1563;0;0;0;0;1
1564;0;0;0;0;0
1565;0;0;0;0;0
1566;0;0;0;0;0
1567;0;0;0;0;0
1568;0;0;0;0;0
1569;0;0;0;0;0
1570;0;0;0;0;1
1571;0;0;0;0;0
1572;0;0;0;0;0
1573;0;0;0;0;0
1574;0;0;0;0;0
1575;0;0;0;0;0
1576;0;0;0;0;0
1577;0;0;0;0;0
1578;0;0;0;0;1
1579;0;0;0;0;0
1580;0;0;0;0;0
1581;0;0;0;0;0
1582;0;0;0;0;0
1583;0;0;0;0;0
1584;0;0;0;0;1
1585;0;0;0;0;0
1586;0;0;0;0;0
1587;0;0;0;0;0
1588;0;0;0;0;1
1589;0;0;0;0;0
1590;0;0;0;0;0
1591;0;0;0;0;0
1592;0;0;0;0;0
1593;0;0;0;0;0
1594;0;0;0;0;0
1595;0;0;0;0;0
1596;0;0;0;0;0
1597;0;0;0;0;0
1598;0;0;0;0;0
1599;0;0;0;0;0
1600;0;0;0;0;1
1601;0;0;0;0;0
1602;0;0;0;0;1
1603;0;0;0;0;0
1604;0;0;0;0;0
1605;0;0;0;0;0
1606;0;0;0;0;0
1607;0;0;0;0;0
1608;0;0;0;0;1
1609;0;0;0;0;0
1610;0;0;0;0;0
1611;0;0;0;0;0
1612;0;0;0;0;0
1613;0;0;0;0;0
1614;0;0;0;0;0
1615;0;0;0;0;0
1616;0;0;0;0;0
1617;0;0;0;0;0
1618;0;0;0;0;0
1619;0;0;0;0;0
1620;0;0;0;0;0
1621;0;0;0;0;3
1622;0;0;0;0;0
1623;0;0;0;0;0
1624;0;0;0;0;0
1625;0;0;0;0;0
1626;0;0;0;0;0
1627;0;0;0;0;1
1628;0;0;0;0;0
1629;0;0;0;0;0
1630;0;0;0;0;0
1631;0;0;0;0;0
1632;0;0;0;0;0
1633;0;0;0;0;0
1634;0;0;0;0;0
1635;0;0;0;0;1
1636;0;0;0;0;1
1637;0;0;0;0;0
1638;0;0;0;0;1
1639;0;0;0;0;0
1640;0;0;0;0;0
1641;0;0;0;0;0
1642;0;0;0;0;0
1643;0;0;0;0;1
1644;0;0;0;0;0
1645;0;0;0;0;0
1646;0;0;0;0;0
1647;0;0;0;0;0
1648;0;0;0;0;0
1649;0;0;0;0;0
1650;0;0;0;0;1
1651;0;0;0;0;0
1652;0;0;0;0;0
1653;0;0;0;0;0
1654;0;0;0;0;0
1655;0;0;0;0;0
1656;0;0;0;0;1
1657;0;0;0;0;1
1658;0;0;0;0;0
1659;0;0;0;0;0
1660;0;0;0;0;0
1661;0;0;0;0;0
1662;0;0;0;0;1
1663;0;0;0;0;0
1664;0;0;0;0;1
1665;0;0;0;0;1
1666;0;0;0;0;0
1667;0;0;0;0;1
1668;0;0;0;0;1
1669;0;0;0;0;0
1670;0;0;0;0;0
1671;0;0;0;0;3
1672;0;0;0;0;0
1673;0;0;0;0;0
1674;0;0;0;0;0
1675;0;0;0;0;1
1676;0;0;0;0;0
1677;0;0;0;0;0
1678;0;0;0;0;1
1679;0;0;0;0;0
1680;0;0;0;0;0
1681;0;0;0;0;0
1682;0;0;0;0;1
1683;0;0;0;0;0
1684;0;0;0;0;0
1685;0;0;0;0;0
1686;0;0;0;0;0
1687;0;0;0;0;0
1688;0;0;0;0;0
1689;0;0;0;0;0
1690;0;0;0;0;0
1691;0;0;0;0;0
1692;0;0;0;0;0
1693;0;0;0;0;0
1694;0;0;0;0;1
1695;0;0;0;0;0
1696;0;0;0;0;1
1697;0;0;0;0;1
1698;0;0;0;0;0
1699;0;0;0;0;0
1700;0;0;0;0;0
1701;0;0;0;0;0
1702;0;0;0;0;0
1703;0;0;0;0;0
1704;0;0;0;0;0
1705;0;0;0;0;0
1706;0;0;0;0;0
1707;0;0;0;0;0
1708;0;0;0;0;0
1709;0;0;0;0;1
1710;0;0;0;0;0
1711;0;0;0;0;0
1712;0;0;0;0;0
1713;0;0;0;0;0
1714;0;0;0;0;0
1715;0;0;0;0;0
1716;0;0;0;0;0
1717;0;0;0;0;0
1718;0;0;0;0;0
1719;0;0;0;0;0
1720;0;0;0;0;0
1721;0;0;0;0;2
1722;0;0;0;0;0
1723;0;0;0;0;0
1724;0;0;0;0;0
1725;0;0;0;0;0
1726;0;0;0;0;0
1727;0;0;0;0;0
1728;0;0;0;0;0
1729;0;0;0;0;0
1730;0;0;0;0;0
1731;0;0;0;0;0
1732;0;0;0;0;0
1733;0;0;0;0;0
1734;0;0;0;0;0
1735;0;0;0;0;0
1736;0;0;0;0;1
1737;0;0;0;0;0
1738;0;0;0;0;0
1739;0;0;0;0;0
1740;0;0;0;0;0
1741;0;0;0;0;0
1742;0;0;0;0;0
1743;0;0;0;0;0
1744;0;0;0;0;0
1745;0;0;0;0;0
1746;0;0;0;0;0
1747;0;0;0;0;0
1748;0;0;0;0;0
1749;0;0;0;0;0
1750;0;0;0;0;0
1751;0;0;0;0;0
1752;0;0;0;0;0
1753;0;0;0;0;0
1754;0;0;0;0;0
1755;0;0;0;0;0
1756;0;0;0;0;0
1757;0;0;0;0;0
1758;0;0;0;0;0
1759;0;0;0;0;0
1760;0;0;0;0;0
1761;0;0;0;0;0
1762;0;0;0;0;0
1763;0;0;0;0;0
1764;0;0;0;0;0
1765;0;0;0;0;0
1766;0;0;0;0;0
1767;0;0;0;0;0
1768;0;0;0;0;0
1769;0;0;0;0;0
1770;0;0;0;0;0
1771;0;0;0;0;0
1772;0;0;0;0;0
1773;0;0;0;0;1
1774;0;0;0;0;1
1775;0;0;0;0;0
1776;0;0;0;0;1
1777;0;0;0;0;0
1778;0;0;0;0;0
1779;0;0;0;0;0
1780;0;0;0;0;1
1781;0;0;0;0;0
1782;0;0;0;0;0
1783;0;0;0;0;0
1784;0;0;0;0;0
1785;0;0;0;0;0
1786;0;0;0;0;0
1787;0;0;0;0;1
1788;0;0;0;0;0
1789;0;0;0;0;1
1790;0;0;0;0;0
1791;0;0;0;0;0
1792;0;0;0;0;0
1793;0;0;0;0;0
1794;0;0;0;0;0
1795;0;0;0;0;0
1796;0;0;0;0;0
1797;0;0;0;0;0
1798;0;0;0;0;0
1799;0;0;0;0;0
1800;0;0;0;0;0
1801;0;0;0;0;0
1802;0;0;0;0;0
1803;0;0;0;0;0
1804;0;0;0;0;0
1805;0;0;0;0;0
1806;0;0;0;0;0
1807;0;0;0;0;1
1808;0;0;0;0;0
1809;0;0;0;0;0
1810;0;0;0;0;0
1811;0;0;0;0;0
1812;0;0;0;0;0
1813;0;0;0;0;0
1814;0;0;0;0;0
1815;0;0;0;0;0
1816;0;0;0;0;0
1817;0;0;0;0;0
1818;0;0;0;0;0
1819;0;0;0;0;0
1820;0;0;0;0;0
1821;0;0;0;0;0
1822;0;0;0;0;0
1823;0;0;0;0;0
1824;0;0;0;0;0
1825;0;0;0;0;1
1826;0;0;0;0;0
1827;0;0;0;0;0
1828;0;0;0;0;0
1829;0;0;0;0;0
1830;0;0;0;0;0
1831;0;0;0;0;0
1832;0;0;0;0;0
1833;0;0;0;0;0
1834;0;0;0;0;0
1835;0;0;0;0;0
1836;0;0;0;0;0
1837;0;0;0;0;0
1838;0;0;0;0;0
1839;0;0;0;0;0
1840;0;0;0;0;1
1841;0;0;0;0;0
1842;0;0;0;0;1
1843;0;0;0;0;1
1844;0;0;0;0;0
1845;0;0;0;0;0
1846;0;0;0;0;0
1847;0;0;0;0;0
1848;0;0;0;0;0
1849;0;0;0;0;0
1850;0;0;0;0;0
1851;0;0;0;0;0
1852;0;0;0;0;0
1853;0;0;0;0;0
1854;0;0;0;0;0
1855;0;0;0;0;0
1856;0;0;0;0;0
1857;0;0;0;0;1
1858;0;0;0;0;0
1859;0;0;0;0;1
1860;0;0;0;0;0
1861;0;0;0;0;0
1862;0;0;0;0;0
1863;0;0;0;0;0
1864;0;0;0;0;0
1865;0;0;0;0;0
1866;0;0;0;0;1
1867;0;0;0;0;0
1868;0;0;0;0;0
1869;0;0;0;0;0
1870;0;0;0;0;0
1871;0;0;0;0;0
1872;0;0;0;0;0
1873;0;0;0;0;0
1874;0;0;0;0;0
1875;0;0;0;0;0
1876;0;0;0;0;0
1877;0;0;0;0;0
1878;0;0;0;0;0
1879;0;0;0;0;1
1880;0;0;0;0;0
1881;0;0;0;0;0
1882;0;0;0;0;0
1883;0;0;0;0;0
1884;0;0;0;0;0
1885;0;0;0;0;0
1886;0;0;0;0;0
1887;0;0;0;0;0
1888;0;0;0;0;0
1889;0;0;0;0;0
1890;0;0;0;0;0
1891;0;0;0;0;0
1892;0;0;0;0;0
1893;0;0;0;0;0
1894;0;0;0;0;0
1895;0;0;0;0;0
1896;0;0;0;0;0
1897;0;0;0;0;1
1898;0;0;0;0;0
1899;0;0;0;0;1
1900;0;0;0;0;0
1901;0;0;0;0;0
1902;0;0;0;0;0
1903;0;0;0;0;0
1904;0;0;0;0;1
1905;0;0;0;0;1
1906;0;0;0;0;0
1907;0;0;0;0;0
1908;0;0;0;0;0
1909;0;0;0;0;0
1910;0;0;0;0;0
1911;0;0;0;0;0
1912;0;0;0;0;0
1913;0;0;0;0;0
1914;0;0;0;0;0
1915;0;0;0;0;0
1916;0;0;0;0;1
1917;0;0;0;0;0
1918;0;0;0;0;0
1919;0;0;0;0;0
1920;0;0;0;0;1
1921;0;0;0;0;0
1922;0;0;0;0;0
1923;0;0;0;0;0
1924;0;0;0;0;0
1925;0;0;0;0;0
1926;0;0;0;0;0
1927;0;0;0;0;0
1928;0;0;0;0;0
1929;0;0;0;0;0
1930;0;0;0;0;0
1931;0;0;0;0;0
1932;0;0;0;0;0
1933;0;0;0;0;0
1934;0;0;0;0;0
1935;0;0;0;0;0
1936;0;0;0;0;0
1937;0;0;0;0;0
1938;0;0;0;0;0
1939;0;0;0;0;0
1940;0;0;0;0;0
1941;0;0;0;0;0
1942;0;0;0;0;0
1943;0;0;0;0;0
1944;0;0;0;0;0
1945;0;0;0;0;0
1946;0;0;0;0;0
1947;0;0;0;0;0
1948;0;0;0;0;0
1949;0;0;0;0;0
1950;0;0;0;0;0
1951;0;0;0;0;0
1952;0;0;0;0;0
1953;0;0;0;0;0
1954;0;0;0;0;0
1955;0;0;0;0;0
1956;0;0;0;0;0
1957;0;0;0;0;0
1958;0;0;0;0;0
1959;0;0;0;0;0
1960;0;0;0;0;0
1961;0;0;0;0;0
1962;0;0;0;0;0
1963;0;0;0;0;0
1964;0;0;0;0;0
1965;0;0;0;0;0
1966;0;0;0;0;0
1967;0;0;0;0;0
1968;0;0;0;0;0
1969;0;0;0;0;0
1970;0;0;0;0;0
1971;0;0;0;0;0
1972;0;0;0;0;0
1973;0;0;0;0;0
1974;0;0;0;0;0
1975;0;0;0;0;0
1976;0;0;0;0;0
1977;0;0;0;0;0
1978;0;0;0;0;0
1979;0;0;0;0;0
1980;0;0;0;0;0
1981;0;0;0;0;0
1982;0;0;0;0;0
1983;0;0;0;0;0
1984;0;0;0;0;0
1985;0;0;0;0;0
1986;0;0;0;0;0
1987;0;0;0;0;0
1988;0;0;0;0;0
1989;0;0;0;0;0
1990;0;0;0;0;0
1991;0;0;0;0;0
1992;0;0;0;0;0
1993;0;0;0;0;0
1994;0;0;0;0;1
1995;0;0;0;0;0
1996;0;0;0;0;0
1997;0;0;0;0;0
1998;0;0;0;0;1
1999;0;0;0;0;0
2000;0;0;0;0;0
2001;0;0;0;0;0
2002;0;0;0;0;0
2003;0;0;0;0;1
2004;0;0;0;0;0
2005;0;0;0;0;0
2006;0;0;0;0;0
2007;0;0;0;0;1
2008;0;0;0;0;0
2009;0;0;0;0;0
2010;0;0;0;0;0
2011;0;0;0;0;0
2012;0;0;0;0;0
2013;0;0;0;0;0
2014;0;0;0;0;0
2015;0;0;0;0;0
2016;0;0;0;0;0
2017;0;0;0;0;0
2018;0;0;0;0;0
2019;0;0;0;0;0
2020;0;0;0;0;0
2021;0;0;0;0;0
2022;0;0;0;0;0
2023;0;0;0;0;1
2024;0;0;0;0;0
2025;0;0;0;0;0
2026;0;0;0;0;0
2027;0;0;0;0;0
2028;0;0;0;0;0
2029;0;0;0;0;0
2030;0;0;0;0;0
2031;0;0;0;0;0
2032;0;0;0;0;0
2033;0;0;0;0;0
2034;0;0;0;0;0
2035;0;0;0;0;0
2036;0;0;0;0;0
2037;0;0;0;0;0
2038;0;0;0;0;0
2039;0;0;0;0;0
2040;0;0;0;0;0
2041;0;0;0;0;0
2042;0;0;0;0;0
2043;0;0;0;0;0
2044;0;0;0;0;0
2045;0;0;0;0;0
2046;0;0;0;0;0
2047;0;0;0;0;0
2048;0;0;0;0;0
2049;0;0;0;0;0
2050;0;0;0;0;0
2051;0;0;0;0;0
2052;0;0;0;0;0
2053;0;0;0;0;0
2054;0;0;0;0;0
2055;0;0;0;0;0
2056;0;0;0;0;0
2057;0;0;0;0;0
2058;0;0;0;0;0
2059;0;0;0;0;1
2060;0;0;0;0;0
2061;0;0;0;0;0
2062;0;0;0;0;0
2063;0;0;0;0;0
2064;0;0;0;0;0
2065;0;0;0;0;0
2066;0;0;0;0;0
2067;0;0;0;0;0
2068;0;0;0;0;1
2069;0;0;0;0;0
2070;0;0;0;0;0
2071;0;0;0;0;0
2072;0;0;0;0;0
2073;0;0;0;0;0
2074;0;0;0;0;0
2075;0;0;0;0;0
2076;0;0;0;0;0
2077;0;0;0;0;0
2078;0;0;0;0;0
2079;0;0;0;0;0
2080;0;0;0;0;0
2081;0;0;0;0;0
2082;0;0;0;0;0
2083;0;0;0;0;0
2084;0;0;0;0;0
2085;0;0;0;0;0
2086;0;0;0;0;0
2087;0;0;0;0;0
2088;0;0;0;0;0
2089;0;0;0;0;0
2090;0;0;0;0;0
2091;0;0;0;0;0
2092;0;0;0;0;0
2093;0;0;0;0;0
2094;0;0;0;0;0
2095;0;0;0;0;0
2096;0;0;0;0;0
2097;0;0;0;0;0
2098;0;0;0;0;0
2099;0;0;0;0;0
2100;0;0;0;0;0
2101;0;0;0;0;1
2102;0;0;0;0;0
2103;0;0;0;0;1
2104;0;0;0;0;0
2105;0;0;0;0;0
2106;0;0;0;0;0
2107;0;0;0;0;0
2108;0;0;0;0;0
2109;0;0;0;0;0
2110;0;0;0;0;0
2111;0;0;0;0;1
2112;0;0;0;0;0
2113;0;0;0;0;0
2114;0;0;0;0;0
2115;0;0;0;0;0
2116;0;0;0;0;0
2117;0;0;0;0;0
2118;0;0;0;0;0
2119;0;0;0;0;0
2120;0;0;0;0;0
2121;0;0;0;0;0
2122;0;0;0;0;0
2123;0;0;0;0;0
2124;0;0;0;0;0
2125;0;0;0;0;0
2126;0;0;0;0;0
2127;0;0;0;0;0
2128;0;0;0;0;0
2129;0;0;0;0;0
2130;0;0;0;0;0
2131;0;0;0;0;0
2132;0;0;0;0;0
2133;0;0;0;0;0
2134;0;0;0;0;0
2135;0;0;0;0;0
2136;0;0;0;0;0
2137;0;0;0;0;0
2138;0;0;0;0;0
2139;0;0;0;0;0
2140;0;0;0;0;0
2141;0;0;0;0;2
2142;0;0;0;0;0
2143;0;0;0;0;0
2144;0;0;0;0;0
2145;0;0;0;0;0
2146;0;0;0;0;0
2147;0;0;0;0;1
2148;0;0;0;0;0
2149;0;0;0;0;0
2150;0;0;0;0;0
2151;0;0;0;0;0
2152;0;0;0;0;0
2153;0;0;0;0;0
2154;0;0;0;0;0
2155;0;0;0;0;0
2156;0;0;0;0;0
2157;0;0;0;0;0
2158;0;0;0;0;0
2159;0;0;0;0;0
2160;0;0;0;0;0
2161;0;0;0;0;0
2162;0;0;0;0;0
2163;0;0;0;0;0
2164;0;0;0;0;0
2165;0;0;0;0;0
2166;0;0;0;0;0
2167;0;0;0;0;0
2168;0;0;0;0;0
2169;0;0;0;0;0
2170;0;0;0;0;0
2171;0;0;0;0;0
2172;0;0;0;0;0
2173;0;0;0;0;0
2174;0;0;0;0;1
2175;0;0;0;0;0
2176;0;0;0;0;0
2177;0;0;0;0;0
2178;0;0;0;0;0
2179;0;0;0;0;0
2180;0;0;0;0;0
2181;0;0;0;0;0
2182;0;0;0;0;1
2183;0;0;0;0;0
2184;0;0;0;0;0
2185;0;0;0;0;1
2186;0;0;0;0;0
2187;0;0;0;0;0
2188;0;0;0;0;0
2189;0;0;0;0;0
2190;0;0;0;0;0
2191;0;0;0;0;0
2192;0;0;0;0;0
2193;0;0;0;0;0
2194;0;0;0;0;0
2195;0;0;0;0;0
2196;0;0;0;0;0
2197;0;0;0;0;0
2198;0;0;0;0;1
2199;0;0;0;0;0
2200;0;0;0;0;0
2201;0;0;0;0;0
2202;0;0;0;0;0
2203;0;0;0;0;0
2204;0;0;0;0;0
2205;0;0;0;0;0
2206;0;0;0;0;0
2207;0;0;0;0;0
2208;0;0;0;0;0
2209;0;0;0;0;0
2210;0;0;0;0;0
2211;0;0;0;0;0
2212;0;0;0;0;0
2213;0;0;0;0;0
2214;0;0;0;0;0
2215;0;0;0;0;0
2216;0;0;0;0;0
2217;0;0;0;0;0
2218;0;0;0;0;0
2219;0;0;0;0;0
2220;0;0;0;0;0
2221;0;0;0;0;0
2222;0;0;0;0;0
2223;0;0;0;0;0
2224;0;0;0;0;1
2225;0;0;0;0;0
2226;0;0;0;0;0
2227;0;0;0;0;0
2228;0;0;0;0;0
2229;0;0;0;0;1
2230;0;0;0;0;0
2231;0;0;0;0;0
2232;0;0;0;0;0
2233;0;0;0;0;0
2234;0;0;0;0;0
2235;0;0;0;0;0
2236;0;0;0;0;0
2237;0;0;0;0;0
2238;0;0;0;0;0
2239;0;0;0;0;0
2240;0;0;0;0;0
2241;0;0;0;0;0
2242;0;0;0;0;0
2243;0;0;0;0;0
2244;0;0;0;0;0
2245;0;0;0;0;0
2246;0;0;0;0;0
2247;0;0;0;0;0
2248;0;0;0;0;0
2249;0;0;0;0;0
2250;0;0;0;0;0
2251;0;0;0;0;0
2252;0;0;0;0;0
2253;0;0;0;0;0
2254;0;0;0;0;0
2255;0;0;0;0;0
2256;0;0;0;0;0
2257;0;0;0;0;0
2258;0;0;0;0;0
2259;0;0;0;0;0
2260;0;0;0;0;0
2261;0;0;0;0;0
2262;0;0;0;0;0
2263;0;0;0;0;0
2264;0;0;0;0;0
2265;0;0;0;0;0
2266;0;0;0;0;0
2267;0;0;0;0;1
2268;0;0;0;0;0
2269;0;0;0;0;0
2270;0;0;0;0;0
2271;0;0;0;0;0
2272;0;0;0;0;0
2273;0;0;0;0;0
2274;0;0;0;0;0
2275;0;0;0;0;0
2276;0;0;0;0;0
2277;0;0;0;0;0
2278;0;0;0;0;0
2279;0;0;0;0;0
2280;0;0;0;0;0
2281;0;0;0;0;0
2282;0;0;0;0;0
2283;0;0;0;0;0
2284;0;0;0;0;0
2285;0;0;0;0;0
2286;0;0;0;0;0
2287;0;0;0;0;0
2288;0;0;0;0;0
2289;0;0;0;0;0
2290;0;0;0;0;0
2291;0;0;0;0;0
2292;0;0;0;0;0
2293;0;0;0;0;0
2294;0;0;0;0;0
2295;0;0;0;0;0
2296;0;0;0;0;1
2297;0;0;0;0;0
2298;0;0;0;0;0
2299;0;0;0;0;0
2300;0;0;0;0;0
2301;0;0;0;0;0
2302;0;0;0;0;0
2303;0;0;0;0;0
2304;0;0;0;0;0
2305;0;0;0;0;0
2306;0;0;0;0;0
2307;0;0;0;0;0
2308;0;0;0;0;0
2309;0;0;0;0;0
2310;0;0;0;0;0
2311;0;0;0;0;0
2312;0;0;0;0;0
2313;0;0;0;0;0
2314;0;0;0;0;0
2315;0;0;0;0;0
2316;0;0;0;0;0
2317;0;0;0;0;0
2318;0;0;0;0;0
2319;0;0;0;0;0
2320;0;0;0;0;0
2321;0;0;0;0;0
2322;0;0;0;0;0
2323;0;0;0;0;0
2324;0;0;0;0;0
2325;0;0;0;0;0
2326;0;0;0;0;0
2327;0;0;0;0;0
2328;0;0;0;0;0
2329;0;0;0;0;0
2330;0;0;0;0;0
2331;0;0;0;0;0
2332;0;0;0;0;0
2333;0;0;0;0;0
2334;0;0;0;0;0
2335;0;0;0;0;0
2336;0;0;0;0;0
2337;0;0;0;0;0
2338;0;0;0;0;0
2339;0;0;0;0;0
2340;0;0;0;0;0
2341;0;0;0;0;0
2342;0;0;0;0;0
2343;0;0;0;0;0
2344;0;0;0;0;0
2345;0;0;0;0;0
2346;0;0;0;0;0
2347;0;0;0;0;0
2348;0;0;0;0;0
2349;0;0;0;0;0
2350;0;0;0;0;0
2351;0;0;0;0;0
2352;0;0;0;0;0
2353;0;0;0;0;1
2354;0;0;0;0;0
2355;0;0;0;0;0
2356;0;0;0;0;0
2357;0;0;0;0;0
2358;0;0;0;0;0
2359;0;0;0;0;0
2360;0;0;0;0;0
2361;0;0;0;0;0
2362;0;0;0;0;0
2363;0;0;0;0;0
2364;0;0;0;0;0
2365;0;0;0;0;0
2366;0;0;0;0;0
2367;0;0;0;0;0
2368;0;0;0;0;0
2369;0;0;0;0;0
2370;0;0;0;0;0
2371;0;0;0;0;0
2372;0;0;0;0;0
2373;0;0;0;0;0
2374;0;0;0;0;0
2375;0;0;0;0;0
2376;0;0;0;0;0
2377;0;0;0;0;0
2378;0;0;0;0;0
2379;0;0;0;0;1
2380;0;0;0;0;0
2381;0;0;0;0;0
2382;0;0;0;0;0
2383;0;0;0;0;0
2384;0;0;0;0;0
2385;0;0;0;0;0
2386;0;0;0;0;0
2387;0;0;0;0;0
2388;0;0;0;0;0
2389;0;0;0;0;0
2390;0;0;0;0;0
2391;0;0;0;0;0
2392;0;0;0;0;0
2393;0;0;0;0;0
2394;0;0;0;0;0
2395;0;0;0;0;0
2396;0;0;0;0;0
2397;0;0;0;0;0
2398;0;0;0;0;0
2399;0;0;0;0;0
2400;0;0;0;0;0
2401;0;0;0;0;0
2402;0;0;0;0;0
2403;0;0;0;0;0
2404;0;0;0;0;0
2405;0;0;0;0;0
2406;0;0;0;0;0
2407;0;0;0;0;0
2408;0;0;0;0;0
2409;0;0;0;0;0
2410;0;0;0;0;0
2411;0;0;0;0;0
2412;0;0;0;0;0
2413;0;0;0;0;0
2414;0;0;0;0;0
2415;0;0;0;0;0
2416;0;0;0;0;0
2417;0;0;0;0;0
2418;0;0;0;0;0
2419;0;0;0;0;0
2420;0;0;0;0;0
2421;0;0;0;0;0
2422;0;0;0;0;0
2423;0;0;0;0;0
2424;0;0;0;0;0
2425;0;0;0;0;0
2426;0;0;0;0;0
2427;0;0;0;0;0
2428;0;0;0;0;0
2429;0;0;0;0;0
2430;0;0;0;0;0
2431;0;0;0;0;0
2432;0;0;0;0;0
2433;0;0;0;0;0
2434;0;0;0;0;0
2435;0;0;0;0;0
2436;0;0;0;0;0
2437;0;0;0;0;0
2438;0;0;0;0;0
2439;0;0;0;0;0
2440;0;0;0;0;1
2441;0;0;0;0;0
2442;0;0;0;0;0
2443;0;0;0;0;0
2444;0;0;0;0;0
2445;0;0;0;0;0
2446;0;0;0;0;0
2447;0;0;0;0;1
2448;0;0;0;0;0
2449;0;0;0;0;0
2450;0;0;0;0;0
2451;0;0;0;0;0
2452;0;0;0;0;0
2453;0;0;0;0;0
2454;0;0;0;0;0
2455;0;0;0;0;0
2456;0;0;0;0;0
2457;0;0;0;0;0
2458;0;0;0;0;0
2459;0;0;0;0;0
2460;0;0;0;0;0
2461;0;0;0;0;0
2462;0;0;0;0;0
2463;0;0;0;0;1
2464;0;0;0;0;0
2465;0;0;0;0;0
2466;0;0;0;0;0
2467;0;0;0;0;0
2468;0;0;0;0;0
2469;0;0;0;0;0
2470;0;0;0;0;0
2471;0;0;0;0;0
2472;0;0;0;0;0
2473;0;0;0;0;0
2474;0;0;0;0;0
2475;0;0;0;0;0
2476;0;0;0;0;0
2477;0;0;0;0;0
2478;0;0;0;0;0
2479;0;0;0;0;0
2480;0;0;0;0;0
2481;0;0;0;0;0
2482;0;0;0;0;0
2483;0;0;0;0;0
2484;0;0;0;0;0
2485;0;0;0;0;0
2486;0;0;0;0;0
2487;0;0;0;0;0
2488;0;0;0;0;0
2489;0;0;0;0;0
2490;0;0;0;0;0
2491;0;0;0;0;0
2492;0;0;0;0;0
2493;0;0;0;0;0
2494;0;0;0;0;0
2495;0;0;0;0;0
2496;0;0;0;0;0
2497;0;0;0;0;0
2498;0;0;0;0;0
2499;0;0;0;0;0
2500;0;0;0;0;0
2501;0;0;0;0;0
2502;0;0;0;0;0
2503;0;0;0;0;0
2504;0;0;0;0;0
2505;0;0;0;0;0
2506;0;0;0;0;0
2507;0;0;0;0;0
2508;0;0;0;0;0
2509;0;0;0;0;0
2510;0;0;0;0;0
2511;0;0;0;0;0
2512;0;0;0;0;0
2513;0;0;0;0;0
2514;0;0;0;0;0
2515;0;0;0;0;0
2516;0;0;0;0;0
2517;0;0;0;0;0
2518;0;0;0;0;0
2519;0;0;0;0;0
2520;0;0;0;0;0
2521;0;0;0;0;0
2522;0;0;0;0;0
2523;0;0;0;0;0
2524;0;0;0;0;0
2525;0;0;0;0;1
2526;0;0;0;0;0
2527;0;0;0;0;0
2528;0;0;0;0;0
2529;0;0;0;0;0
2530;0;0;0;0;0
2531;0;0;0;0;0
2532;0;0;0;0;0
2533;0;0;0;0;0
2534;0;0;0;0;0
2535;0;0;0;0;0
2536;0;0;0;0;0
2537;0;0;0;0;0
2538;0;0;0;0;0
2539;0;0;0;0;0
2540;0;0;0;0;0
2541;0;0;0;0;0
2542;0;0;0;0;0
2543;0;0;0;0;0
2544;0;0;0;0;0
2545;0;0;0;0;0
2546;0;0;0;0;0
2547;0;0;0;0;0
2548;0;0;0;0;0
2549;0;0;0;0;0
2550;0;0;0;0;0
2551;0;0;0;0;0
2552;0;0;0;0;0
2553;0;0;0;0;0
2554;0;0;0;0;0
2555;0;0;0;0;0
2556;0;0;0;0;0
2557;0;0;0;0;0
2558;0;0;0;0;0
2559;0;0;0;0;0
2560;0;0;0;0;0
2561;0;0;0;0;0
2562;0;0;0;0;0
2563;0;0;0;0;0
2564;0;0;0;0;0
2565;0;0;0;0;0
2566;0;0;0;0;0
2567;0;0;0;0;0
2568;0;0;0;0;0
2569;0;0;0;0;0
2570;0;0;0;0;0
2571;0;0;0;0;0
2572;0;0;0;0;0
2573;0;0;0;0;0
2574;0;0;0;0;1
2575;0;0;0;0;0
2576;0;0;0;0;0
2577;0;0;0;0;0
2578;0;0;0;0;0
2579;0;0;0;0;0
2580;0;0;0;0;0
2581;0;0;0;0;0
2582;0;0;0;0;0
2583;0;0;0;0;0
2584;0;0;0;0;0
2585;0;0;0;0;0
2586;0;0;0;0;0
2587;0;0;0;0;0
2588;0;0;0;0;0
2589;0;0;0;0;0
2590;0;0;0;0;0
2591;0;0;0;0;0
2592;0;0;0;0;0
2593;0;0;0;0;0
2594;0;0;0;0;0
2595;0;0;0;0;0
2596;0;0;0;0;0
2597;0;0;0;0;0
2598;0;0;0;0;0
2599;0;0;0;0;0
2600;0;0;0;0;0
2601;0;0;0;0;0
2602;0;0;0;0;0
2603;0;0;0;0;0
2604;0;0;0;0;0
2605;0;0;0;0;0
2606;0;0;0;0;0
2607;0;0;0;0;0
2608;0;0;0;0;0
2609;0;0;0;0;0
2610;0;0;0;0;0
2611;0;0;0;0;0
2612;0;0;0;0;0
2613;0;0;0;0;0
2614;0;0;0;0;0
2615;0;0;0;0;0
2616;0;0;0;0;0
2617;0;0;0;0;0
2618;0;0;0;0;0
2619;0;0;0;0;0
2620;0;0;0;0;1
2621;0;0;0;0;0
2622;0;0;0;0;0
2623;0;0;0;0;0
2624;0;0;0;0;0
2625;0;0;0;0;0
2626;0;0;0;0;0
2627;0;0;0;0;0
2628;0;0;0;0;0
2629;0;0;0;0;0
2630;0;0;0;0;0
2631;0;0;0;0;0
2632;0;0;0;0;0
2633;0;0;0;0;0
2634;0;0;0;0;0
2635;0;0;0;0;0
2636;0;0;0;0;0
2637;0;0;0;0;0
2638;0;0;0;0;0
2639;0;0;0;0;0
2640;0;0;0;0;0
2641;0;0;0;0;0
2642;0;0;0;0;0
2643;0;0;0;0;0
2644;0;0;0;0;0
2645;0;0;0;0;0
2646;0;0;0;0;0
2647;0;0;0;0;1
2648;0;0;0;0;0
2649;0;0;0;0;0
2650;0;0;0;0;0
2651;0;0;0;0;0
2652;0;0;0;0;0
2653;0;0;0;0;0
2654;0;0;0;0;0
2655;0;0;0;0;0
2656;0;0;0;0;0
2657;0;0;0;0;0
2658;0;0;0;0;0
2659;0;0;0;0;0
2660;0;0;0;0;0
2661;0;0;0;0;0
2662;0;0;0;0;0
2663;0;0;0;0;0
2664;0;0;0;0;0
2665;0;0;0;0;0
2666;0;0;0;0;0
2667;0;0;0;0;0
2668;0;0;0;0;0
2669;0;0;0;0;0
2670;0;0;0;0;0
2671;0;0;0;0;0
2672;0;0;0;0;0
2673;0;0;0;0;0
2674;0;0;0;0;0
2675;0;0;0;0;0
2676;0;0;0;0;0
2677;0;0;0;0;0
2678;0;0;0;0;0
2679;0;0;0;0;0
2680;0;0;0;0;1
2681;0;0;0;0;0
2682;0;0;0;0;0
2683;0;0;0;0;0
2684;0;0;0;0;0
2685;0;0;0;0;0
2686;0;0;0;0;0
2687;0;0;0;0;0
2688;0;0;0;0;0
2689;0;0;0;0;0
2690;0;0;0;0;0
2691;0;0;0;0;0
2692;0;0;0;0;0
2693;0;0;0;0;0
2694;0;0;0;0;0
2695;0;0;0;0;0
2696;0;0;0;0;0
2697;0;0;0;0;0
2698;0;0;0;0;0
2699;0;0;0;0;0
2700;0;0;0;0;0
2701;0;0;0;0;0
2702;0;0;0;0;0
2703;0;0;0;0;0
2704;0;0;0;0;0
2705;0;0;0;0;0
2706;0;0;0;0;0
2707;0;0;0;0;0
2708;0;0;0;0;0
2709;0;0;0;0;0
2710;0;0;0;0;0
2711;0;0;0;0;0
2712;0;0;0;0;0
2713;0;0;0;0;0
2714;0;0;0;0;0
2715;0;0;0;0;0
2716;0;0;0;0;0
2717;0;0;0;0;0
2718;0;0;0;0;0
2719;0;0;0;0;0
2720;0;0;0;0;0
2721;0;0;0;0;0
2722;0;0;0;0;0
2723;0;0;0;0;0
2724;0;0;0;0;0
2725;0;0;0;0;0
2726;0;0;0;0;0
2727;0;0;0;0;0
2728;0;0;0;0;0
2729;0;0;0;0;0
2730;0;0;0;0;0
2731;0;0;0;0;0
2732;0;0;0;0;0
2733;0;0;0;0;0
2734;0;0;0;0;0
2735;0;0;0;0;0
2736;0;0;0;0;0
2737;0;0;0;0;0
2738;0;0;0;0;0
2739;0;0;0;0;0
2740;0;0;0;0;0
2741;0;0;0;0;0
2742;0;0;0;0;0
2743;0;0;0;0;0
2744;0;0;0;0;0
2745;0;0;0;0;0
2746;0;0;0;0;0
2747;0;0;0;0;0
2748;0;0;0;0;0
2749;0;0;0;0;0
2750;0;0;0;0;0
2751;0;0;0;0;0
2752;0;0;0;0;0
2753;0;0;0;0;0
2754;0;0;0;0;0
2755;0;0;0;0;0
2756;0;0;0;0;0
2757;0;0;0;0;0
2758;0;0;0;0;0
2759;0;0;0;0;0
2760;0;0;0;0;0
2761;0;0;0;0;0
2762;0;0;0;0;0
2763;0;0;0;0;0
2764;0;0;0;0;0
2765;0;0;0;0;0
2766;0;0;0;0;0
2767;0;0;0;0;0
2768;0;0;0;0;0
2769;0;0;0;0;0
2770;0;0;0;0;0
2771;0;0;0;0;0
2772;0;0;0;0;0
2773;0;0;0;0;0
2774;0;0;0;0;0
2775;0;0;0;0;0
2776;0;0;0;0;0
2777;0;0;0;0;0
2778;0;0;0;0;0
2779;0;0;0;0;0
2780;0;0;0;0;0
2781;0;0;0;0;1
2782;0;0;0;0;0
2783;0;0;0;0;0
2784;0;0;0;0;0
2785;0;0;0;0;0
2786;0;0;0;0;0
2787;0;0;0;0;0
2788;0;0;0;0;0
2789;0;0;0;0;0
2790;0;0;0;0;0
2791;0;0;0;0;0
2792;0;0;0;0;0
2793;0;0;0;0;0
2794;0;0;0;0;0
2795;0;0;0;0;0
2796;0;0;0;0;0
2797;0;0;0;0;0
2798;0;0;0;0;0
2799;0;0;0;0;0
2800;0;0;0;0;0
2801;0;0;0;0;0
2802;0;0;0;0;0
2803;0;0;0;0;0
2804;0;0;0;0;0
2805;0;0;0;0;0
2806;0;0;0;0;0
2807;0;0;0;0;0
2808;0;0;0;0;0
2809;0;0;0;0;0
2810;0;0;0;0;0
2811;0;0;0;0;0
2812;0;0;0;0;0
2813;0;0;0;0;0
2814;0;0;0;0;0
2815;0;0;0;0;0
2816;0;0;0;0;0
2817;0;0;0;0;0
2818;0;0;0;0;0
2819;0;0;0;0;0
2820;0;0;0;0;0
2821;0;0;0;0;0
2822;0;0;0;0;0
2823;0;0;0;0;0
2824;0;0;0;0;0
2825;0;0;0;0;0
2826;0;0;0;0;0
2827;0;0;0;0;0
2828;0;0;0;0;0
2829;0;0;0;0;0
2830;0;0;0;0;0
2831;0;0;0;0;0
2832;0;0;0;0;0
2833;0;0;0;0;0
2834;0;0;0;0;0
2835;0;0;0;0;0
2836;0;0;0;0;0
2837;0;0;0;0;1
2838;0;0;0;0;0
2839;0;0;0;0;0
2840;0;0;0;0;0
2841;0;0;0;0;0
2842;0;0;0;0;0
2843;0;0;0;0;0
2844;0;0;0;0;0
2845;0;0;0;0;0
2846;0;0;0;0;0
2847;0;0;0;0;0
2848;0;0;0;0;0
2849;0;0;0;0;0
2850;0;0;0;0;0
2851;0;0;0;0;0
2852;0;0;0;0;0
2853;0;0;0;0;0
2854;0;0;0;0;0
2855;0;0;0;0;0
2856;0;0;0;0;0
2857;0;0;0;0;0
2858;0;0;0;0;0
2859;0;0;0;0;0
2860;0;0;0;0;0
2861;0;0;0;0;0
2862;0;0;0;0;0
2863;0;0;0;0;0
2864;0;0;0;0;0
2865;0;0;0;0;0
2866;0;0;0;0;0
2867;0;0;0;0;0
2868;0;0;0;0;0
2869;0;0;0;0;0
2870;0;0;0;0;0
2871;0;0;0;0;0
2872;0;0;0;0;0
2873;0;0;0;0;0
2874;0;0;0;0;0
2875;0;0;0;0;0
2876;0;0;0;0;0
2877;0;0;0;0;0
2878;0;0;0;0;0
2879;0;0;0;0;0
2880;0;0;0;0;0
2881;0;0;0;0;0
2882;0;0;0;0;0
2883;0;0;0;0;0
2884;0;0;0;0;0
2885;0;0;0;0;0
2886;0;0;0;0;0
2887;0;0;0;0;0
2888;0;0;0;0;0
2889;0;0;0;0;0
2890;0;0;0;0;0
2891;0;0;0;0;0
2892;0;0;0;0;0
2893;0;0;0;0;0
2894;0;0;0;0;0
2895;0;0;0;0;0
2896;0;0;0;0;0
2897;0;0;0;0;0
2898;0;0;0;0;0
2899;0;0;0;0;0
2900;0;0;0;0;0
2901;0;0;0;0;0
2902;0;0;0;0;0
2903;0;0;0;0;0
2904;0;0;0;0;0
2905;0;0;0;0;0
2906;0;0;0;0;0
2907;0;0;0;0;0
2908;0;0;0;0;0
2909;0;0;0;0;0
2910;0;0;0;0;0
2911;0;0;0;0;0
2912;0;0;0;0;0
2913;0;0;0;0;0
2914;0;0;0;0;0
2915;0;0;0;0;0
2916;0;0;0;0;0
2917;0;0;0;0;0
2918;0;0;0;0;0
2919;0;0;0;0;0
2920;0;0;0;0;0
2921;0;0;0;0;0
2922;0;0;0;0;0
2923;0;0;0;0;0
2924;0;0;0;0;0
2925;0;0;0;0;0
2926;0;0;0;0;0
2927;0;0;0;0;0
2928;0;0;0;0;0
2929;0;0;0;0;0
2930;0;0;0;0;0
2931;0;0;0;0;0
2932;0;0;0;0;0
2933;0;0;0;0;0
2934;0;0;0;0;0
2935;0;0;0;0;0
2936;0;0;0;0;0
2937;0;0;0;0;0
2938;0;0;0;0;0
2939;0;0;0;0;0
2940;0;0;0;0;0
2941;0;0;0;0;0
2942;0;0;0;0;0
2943;0;0;0;0;0
2944;0;0;0;0;0
2945;0;0;0;0;0
2946;0;0;0;0;0
2947;0;0;0;0;0
2948;0;0;0;0;0
2949;0;0;0;0;0
2950;0;0;0;0;0
2951;0;0;0;0;0
2952;0;0;0;0;0
2953;0;0;0;0;0
2954;0;0;0;0;0
2955;0;0;0;0;0
2956;0;0;0;0;0
2957;0;0;0;0;0
2958;0;0;0;0;1
2959;0;0;0;0;0
2960;0;0;0;0;0
2961;0;0;0;0;1
2962;0;0;0;0;0
2963;0;0;0;0;0
2964;0;0;0;0;0
2965;0;0;0;0;0
2966;0;0;0;0;0
2967;0;0;0;0;0
2968;0;0;0;0;0
2969;0;0;0;0;0
2970;0;0;0;0;0
2971;0;0;0;0;0
2972;0;0;0;0;0
2973;0;0;0;0;0
2974;0;0;0;0;0
2975;0;0;0;0;0
2976;0;0;0;0;0
2977;0;0;0;0;0
2978;0;0;0;0;0
2979;0;0;0;0;0
2980;0;0;0;0;0
2981;0;0;0;0;0
2982;0;0;0;0;0
2983;0;0;0;0;0
2984;0;0;0;0;0
2985;0;0;0;0;0
2986;0;0;0;0;0
2987;0;0;0;0;0
2988;0;0;0;0;0
2989;0;0;0;0;0
2990;0;0;0;0;0
2991;0;0;0;0;0
2992;0;0;0;0;0
2993;0;0;0;0;0
2994;0;0;0;0;0
2995;0;0;0;0;0
2996;0;0;0;0;0
2997;0;0;0;0;0
2998;0;0;0;0;0
2999;0;0;0;0;0
3000;0;0;0;0;0
3001;0;0;0;0;0
3002;0;0;0;0;0
3003;0;0;0;0;0
3004;0;0;0;0;0
3005;0;0;0;0;0
3006;0;0;0;0;0
3007;0;0;0;0;0
3008;0;0;0;0;0
3009;0;0;0;0;0
3010;0;0;0;0;0
3011;0;0;0;0;0
3012;0;0;0;0;0
3013;0;0;0;0;0
3014;0;0;0;0;0
3015;0;0;0;0;0
3016;0;0;0;0;0
3017;0;0;0;0;0
3018;0;0;0;0;0
3019;0;0;0;0;0
3020;0;0;0;0;0
3021;0;0;0;0;0
3022;0;0;0;0;0
3023;0;0;0;0;0
3024;0;0;0;0;0
3025;0;0;0;0;0
3026;0;0;0;0;0
3027;0;0;0;0;0
3028;0;0;0;0;0
3029;0;0;0;0;0
3030;0;0;0;0;0
3031;0;0;0;0;0
3032;0;0;0;0;0
3033;0;0;0;0;0
3034;0;0;0;0;0
3035;0;0;0;0;0
3036;0;0;0;0;0
3037;0;0;0;0;0
3038;0;0;0;0;0
3039;0;0;0;0;0
3040;0;0;0;0;0
3041;0;0;0;0;0
3042;0;0;0;0;0
3043;0;0;0;0;0
3044;0;0;0;0;0
3045;0;0;0;0;0
3046;0;0;0;0;0
3047;0;0;0;0;0
3048;0;0;0;0;0
3049;0;0;0;0;0
3050;0;0;0;0;1
